"1","Stolovaya","2.0","3.0","2020-11-12","4.4","Stolovaya_Unique","15","TRUST","Vyazemskiy"
"2","Lenta","4.0","4.0","2021-08-16","12.1","Lenta_Unique","100","PRIVATE_LIMITED_COMPANY","Malaya_Bronnaya"
"3","VapeShop","1.0","1.1","2019-03-26","2.3","VapeShop_Unique","10","COMMERCIAL","Komsomolskiy"
"4","Timbet","12.2","13.0","2023-03-22","20.0","Timbet_Unique","31","COMMERCIAL","Tverskaya"
"5","Brando Gear","1.1","2.2","2023-03-22","0.1","Brando Gear_Unique","3","COMMERCIAL","Lenina"
"6","fghjk","1.0","1.0","2023-03-22","1.0","fghjk_Unique","1","PUBLIC","s"
"7","l,l","1.0","1.0","2023-03-31","1.0","l,l_Unique","1","TRUST","s"
"8","afs'fs","1.0","1.0","2023-03-31","1.0","afs'fs_Unique","1","TRUST","st"
"9","bvbv/bv","1.0","1.0","2023-03-31","1.0","bvbv/bv_Unique","1","TRUST","ef"
"10","l'l","12.0","12.0","2023-04-19","12.0","l'l_Unique","12","TRUST","12"
"11","l,,,,l","12.0","12.0","2023-04-19","12.0","l,,,,l_Unique","12","TRUST","12"
"12","Name","1.0","1.0","2023-05-03","12.0","Name_Unique","50","TRUST","Street"
"13","Name2","2.0","2.0","2023-05-03","13.0","Name2_Unique","51","PUBLIC","Street2"
"14","Name","1.0","1.0","2023-05-03","12.0","Name_Unique","50","TRUST","Street"
"15","Name2","2.0","2.0","2023-05-03","13.0","Name2_Unique","51","PUBLIC","Street2"
"16","Name","1.0","1.0","2023-05-03","12.0","Name_Unique","50","TRUST","Street"
"17","Name2","2.0","2.0","2023-05-03","13.0","Name2_Unique","51","PUBLIC","Street2"
"18","Name","1.0","1.0","2023-05-03","12.0","Name_Unique","50","TRUST","Street"
"19","Name2","2.0","2.0","2023-05-03","13.0","Name2_Unique","51","PUBLIC","Street2"
"20","Name","1.0","1.0","2023-05-03","12.0","Name_Unique","50","TRUST","Street"
"21","Name2","2.0","2.0","2023-05-03","13.0","Name2_Unique","51","PUBLIC","Street2"
"22","Name","1.0","1.0","2023-05-03","12.0","Name_Unique","50","TRUST","Street"
"23","Name2","2.0","2.0","2023-05-03","13.0","Name2_Unique","51","PUBLIC","Street2"
"24","Name","1.0","1.0","2023-05-03","12.0","Name_Unique","50","TRUST","Street"
"25","Name2","2.0","2.0","2023-05-03","13.0","Name2_Unique","51","PUBLIC","Street2"
"26","Name","1.0","1.0","2023-05-03","12.0","Name_Unique","50","TRUST","Street"
"27","Name2","2.0","2.0","2023-05-03","13.0","Name2_Unique","51","PUBLIC","Street2"
"28","Name","1.0","1.0","2023-05-03","12.0","Name_Unique","50","TRUST","Street"
"29","Name2","2.0","2.0","2023-05-03","13.0","Name2_Unique","51","PUBLIC","Street2"
"30","Name","1.0","1.0","2023-05-03","12.0","Name_Unique","50","TRUST","Street"
"31","Name2","2.0","2.0","2023-05-03","13.0","Name2_Unique","51","PUBLIC","Street2"
"32","Name","1.0","1.0","2023-05-03","12.0","Name_Unique","50","TRUST","Street"
"33","Name2","2.0","2.0","2023-05-03","13.0","Name2_Unique","51","PUBLIC","Street2"
"34","Name","1.0","1.0","2023-05-03","12.0","Name_Unique","50","TRUST","Street"
"35","Name2","2.0","2.0","2023-05-03","13.0","Name2_Unique","51","PUBLIC","Street2"
"36","Name","1.0","1.0","2023-05-03","12.0","Name_Unique","50","TRUST","Street"
"37","Name2","2.0","2.0","2023-05-03","13.0","Name2_Unique","51","PUBLIC","Street2"
"38","Name","1.0","1.0","2023-05-03","12.0","Name_Unique","50","TRUST","Street"
"39","Name2","2.0","2.0","2023-05-03","13.0","Name2_Unique","51","PUBLIC","Street2"
"40","Name","1.0","1.0","2023-05-03","12.0","Name_Unique","50","TRUST","Street"
"41","Name2","2.0","2.0","2023-05-03","13.0","Name2_Unique","51","PUBLIC","Street2"
"42","Name","1.0","1.0","2023-05-03","12.0","Name_Unique","50","TRUST","Street"
"43","Name2","2.0","2.0","2023-05-03","13.0","Name2_Unique","51","PUBLIC","Street2"
"44","Name","1.0","1.0","2023-05-03","12.0","Name_Unique","50","TRUST","Street"
"45","Name2","2.0","2.0","2023-05-03","13.0","Name2_Unique","51","PUBLIC","Street2"
"46","Name","1.0","1.0","2023-05-03","12.0","Name_Unique","50","TRUST","Street"
"47","Name2","2.0","2.0","2023-05-03","13.0","Name2_Unique","51","PUBLIC","Street2"
"48","Name","1.0","1.0","2023-05-03","12.0","Name_Unique","50","TRUST","Street"
"49","Name2","2.0","2.0","2023-05-03","13.0","Name2_Unique","51","PUBLIC","Street2"
"50","Name","1.0","1.0","2023-05-03","12.0","Name_Unique","50","TRUST","Street"
"51","Name2","2.0","2.0","2023-05-03","13.0","Name2_Unique","51","PUBLIC","Street2"
"52","Name","1.0","1.0","2023-05-03","12.0","Name_Unique","50","TRUST","Street"
"53","Name2","2.0","2.0","2023-05-03","13.0","Name2_Unique","51","PUBLIC","Street2"
"54","Name","1.0","1.0","2023-05-03","12.0","Name_Unique","50","TRUST","Street"
"55","Name2","2.0","2.0","2023-05-03","13.0","Name2_Unique","51","PUBLIC","Street2"
"56","Name","1.0","1.0","2023-05-03","12.0","Name_Unique","50","TRUST","Street"
"57","Name2","2.0","2.0","2023-05-03","13.0","Name2_Unique","51","PUBLIC","Street2"
"58","Name","1.0","1.0","2023-05-03","12.0","Name_Unique","50","TRUST","Street"
"59","Name2","2.0","2.0","2023-05-03","13.0","Name2_Unique","51","PUBLIC","Street2"
"60","Name","1.0","1.0","2023-05-03","12.0","Name_Unique","50","TRUST","Street"
"61","Name2","2.0","2.0","2023-05-03","13.0","Name2_Unique","51","PUBLIC","Street2"
"62","Name","1.0","1.0","2023-05-03","12.0","Name_Unique","50","TRUST","Street"
"63","Name2","2.0","2.0","2023-05-03","13.0","Name2_Unique","51","PUBLIC","Street2"
"64","Name","1.0","1.0","2023-05-03","12.0","Name_Unique","50","TRUST","Street"
"65","Name2","2.0","2.0","2023-05-03","13.0","Name2_Unique","51","PUBLIC","Street2"
"66","Name","1.0","1.0","2023-05-03","12.0","Name_Unique","50","TRUST","Street"
"67","Name2","2.0","2.0","2023-05-03","13.0","Name2_Unique","51","PUBLIC","Street2"
"68","Name","1.0","1.0","2023-05-03","12.0","Name_Unique","50","TRUST","Street"
"69","Name2","2.0","2.0","2023-05-03","13.0","Name2_Unique","51","PUBLIC","Street2"
"70","Name","1.0","1.0","2023-05-03","12.0","Name_Unique","50","TRUST","Street"
"71","Name2","2.0","2.0","2023-05-03","13.0","Name2_Unique","51","PUBLIC","Street2"
"72","Name","1.0","1.0","2023-05-03","12.0","Name_Unique","50","TRUST","Street"
"73","Name2","2.0","2.0","2023-05-03","13.0","Name2_Unique","51","PUBLIC","Street2"
"74","Name","1.0","1.0","2023-05-03","12.0","Name_Unique","50","TRUST","Street"
"75","Name2","2.0","2.0","2023-05-03","13.0","Name2_Unique","51","PUBLIC","Street2"
"76","Name","1.0","1.0","2023-05-03","12.0","Name_Unique","50","TRUST","Street"
"77","Name2","2.0","2.0","2023-05-03","13.0","Name2_Unique","51","PUBLIC","Street2"
"78","Name","1.0","1.0","2023-05-03","12.0","Name_Unique","50","TRUST","Street"
"79","Name2","2.0","2.0","2023-05-03","13.0","Name2_Unique","51","PUBLIC","Street2"
"80","Name","1.0","1.0","2023-05-03","12.0","Name_Unique","50","TRUST","Street"
"81","Name2","2.0","2.0","2023-05-03","13.0","Name2_Unique","51","PUBLIC","Street2"
"82","Name","1.0","1.0","2023-05-03","12.0","Name_Unique","50","TRUST","Street"
"83","Name2","2.0","2.0","2023-05-03","13.0","Name2_Unique","51","PUBLIC","Street2"
"84","Name","1.0","1.0","2023-05-03","12.0","Name_Unique","50","TRUST","Street"
"85","Name2","2.0","2.0","2023-05-03","13.0","Name2_Unique","51","PUBLIC","Street2"
"86","Name","1.0","1.0","2023-05-03","12.0","Name_Unique","50","TRUST","Street"
"87","Name2","2.0","2.0","2023-05-03","13.0","Name2_Unique","51","PUBLIC","Street2"
"88","Name","1.0","1.0","2023-05-03","12.0","Name_Unique","50","TRUST","Street"
"89","Name2","2.0","2.0","2023-05-03","13.0","Name2_Unique","51","PUBLIC","Street2"
"90","Name","1.0","1.0","2023-05-03","12.0","Name_Unique","50","TRUST","Street"
"91","Name2","2.0","2.0","2023-05-03","13.0","Name2_Unique","51","PUBLIC","Street2"
"92","Name","1.0","1.0","2023-05-03","12.0","Name_Unique","50","TRUST","Street"
"93","Name2","2.0","2.0","2023-05-03","13.0","Name2_Unique","51","PUBLIC","Street2"
"94","Name","1.0","1.0","2023-05-03","12.0","Name_Unique","50","TRUST","Street"
"95","Name2","2.0","2.0","2023-05-03","13.0","Name2_Unique","51","PUBLIC","Street2"
"96","Name","1.0","1.0","2023-05-03","12.0","Name_Unique","50","TRUST","Street"
"97","Name2","2.0","2.0","2023-05-03","13.0","Name2_Unique","51","PUBLIC","Street2"
"98","Name","1.0","1.0","2023-05-03","12.0","Name_Unique","50","TRUST","Street"
"99","Name2","2.0","2.0","2023-05-03","13.0","Name2_Unique","51","PUBLIC","Street2"
"100","Name","1.0","1.0","2023-05-03","12.0","Name_Unique","50","TRUST","Street"
"101","Name2","2.0","2.0","2023-05-03","13.0","Name2_Unique","51","PUBLIC","Street2"
"102","Name","1.0","1.0","2023-05-03","12.0","Name_Unique","50","TRUST","Street"
"103","Name2","2.0","2.0","2023-05-03","13.0","Name2_Unique","51","PUBLIC","Street2"
"104","Name","1.0","1.0","2023-05-03","12.0","Name_Unique","50","TRUST","Street"
"105","Name2","2.0","2.0","2023-05-03","13.0","Name2_Unique","51","PUBLIC","Street2"
"106","Name","1.0","1.0","2023-05-03","12.0","Name_Unique","50","TRUST","Street"
"107","Name2","2.0","2.0","2023-05-03","13.0","Name2_Unique","51","PUBLIC","Street2"
"108","Name","1.0","1.0","2023-05-03","12.0","Name_Unique","50","TRUST","Street"
"109","Name2","2.0","2.0","2023-05-03","13.0","Name2_Unique","51","PUBLIC","Street2"
"110","Name","1.0","1.0","2023-05-03","12.0","Name_Unique","50","TRUST","Street"
"111","Name2","2.0","2.0","2023-05-03","13.0","Name2_Unique","51","PUBLIC","Street2"
"112","Name","1.0","1.0","2023-05-03","12.0","Name_Unique","50","TRUST","Street"
"113","Name2","2.0","2.0","2023-05-03","13.0","Name2_Unique","51","PUBLIC","Street2"
"114","Name","1.0","1.0","2023-05-03","12.0","Name_Unique","50","TRUST","Street"
"115","Name2","2.0","2.0","2023-05-03","13.0","Name2_Unique","51","PUBLIC","Street2"
"116","Name","1.0","1.0","2023-05-03","12.0","Name_Unique","50","TRUST","Street"
"117","Name2","2.0","2.0","2023-05-03","13.0","Name2_Unique","51","PUBLIC","Street2"
"118","Name","1.0","1.0","2023-05-03","12.0","Name_Unique","50","TRUST","Street"
"119","Name2","2.0","2.0","2023-05-03","13.0","Name2_Unique","51","PUBLIC","Street2"
"120","Name","1.0","1.0","2023-05-03","12.0","Name_Unique","50","TRUST","Street"
"121","Name2","2.0","2.0","2023-05-03","13.0","Name2_Unique","51","PUBLIC","Street2"
"122","Name","1.0","1.0","2023-05-03","12.0","Name_Unique","50","TRUST","Street"
"123","Name2","2.0","2.0","2023-05-03","13.0","Name2_Unique","51","PUBLIC","Street2"
"124","Name","1.0","1.0","2023-05-03","12.0","Name_Unique","50","TRUST","Street"
"125","Name2","2.0","2.0","2023-05-03","13.0","Name2_Unique","51","PUBLIC","Street2"
"126","Name","1.0","1.0","2023-05-03","12.0","Name_Unique","50","TRUST","Street"
"127","Name2","2.0","2.0","2023-05-03","13.0","Name2_Unique","51","PUBLIC","Street2"
"128","Name","1.0","1.0","2023-05-03","12.0","Name_Unique","50","TRUST","Street"
"129","Name2","2.0","2.0","2023-05-03","13.0","Name2_Unique","51","PUBLIC","Street2"
"130","Name","1.0","1.0","2023-05-03","12.0","Name_Unique","50","TRUST","Street"
"131","Name2","2.0","2.0","2023-05-03","13.0","Name2_Unique","51","PUBLIC","Street2"
"132","Name","1.0","1.0","2023-05-03","12.0","Name_Unique","50","TRUST","Street"
"133","Name2","2.0","2.0","2023-05-03","13.0","Name2_Unique","51","PUBLIC","Street2"
"134","Name","1.0","1.0","2023-05-03","12.0","Name_Unique","50","TRUST","Street"
"135","Name2","2.0","2.0","2023-05-03","13.0","Name2_Unique","51","PUBLIC","Street2"
"136","Name","1.0","1.0","2023-05-03","12.0","Name_Unique","50","TRUST","Street"
"137","Name2","2.0","2.0","2023-05-03","13.0","Name2_Unique","51","PUBLIC","Street2"
"138","Name","1.0","1.0","2023-05-03","12.0","Name_Unique","50","TRUST","Street"
"139","Name2","2.0","2.0","2023-05-03","13.0","Name2_Unique","51","PUBLIC","Street2"
"140","Name","1.0","1.0","2023-05-03","12.0","Name_Unique","50","TRUST","Street"
"141","Name2","2.0","2.0","2023-05-03","13.0","Name2_Unique","51","PUBLIC","Street2"
"142","Name","1.0","1.0","2023-05-03","12.0","Name_Unique","50","TRUST","Street"
"143","Name2","2.0","2.0","2023-05-03","13.0","Name2_Unique","51","PUBLIC","Street2"
"144","Name","1.0","1.0","2023-05-03","12.0","Name_Unique","50","TRUST","Street"
"145","Name2","2.0","2.0","2023-05-03","13.0","Name2_Unique","51","PUBLIC","Street2"
"146","Name","1.0","1.0","2023-05-03","12.0","Name_Unique","50","TRUST","Street"
"147","Name2","2.0","2.0","2023-05-03","13.0","Name2_Unique","51","PUBLIC","Street2"
"148","Name","1.0","1.0","2023-05-03","12.0","Name_Unique","50","TRUST","Street"
"149","Name2","2.0","2.0","2023-05-03","13.0","Name2_Unique","51","PUBLIC","Street2"
"150","Name","1.0","1.0","2023-05-03","12.0","Name_Unique","50","TRUST","Street"
"151","Name2","2.0","2.0","2023-05-03","13.0","Name2_Unique","51","PUBLIC","Street2"
"152","Name","1.0","1.0","2023-05-03","12.0","Name_Unique","50","TRUST","Street"
"153","Name2","2.0","2.0","2023-05-03","13.0","Name2_Unique","51","PUBLIC","Street2"
"154","Name","1.0","1.0","2023-05-03","12.0","Name_Unique","50","TRUST","Street"
"155","Name2","2.0","2.0","2023-05-03","13.0","Name2_Unique","51","PUBLIC","Street2"
"156","Name","1.0","1.0","2023-05-03","12.0","Name_Unique","50","TRUST","Street"
"157","Name2","2.0","2.0","2023-05-03","13.0","Name2_Unique","51","PUBLIC","Street2"
"158","Name","1.0","1.0","2023-05-03","12.0","Name_Unique","50","TRUST","Street"
"159","Name2","2.0","2.0","2023-05-03","13.0","Name2_Unique","51","PUBLIC","Street2"
"160","Name","1.0","1.0","2023-05-03","12.0","Name_Unique","50","TRUST","Street"
"161","Name2","2.0","2.0","2023-05-03","13.0","Name2_Unique","51","PUBLIC","Street2"
"162","Name","1.0","1.0","2023-05-03","12.0","Name_Unique","50","TRUST","Street"
"163","Name2","2.0","2.0","2023-05-03","13.0","Name2_Unique","51","PUBLIC","Street2"
"164","Name","1.0","1.0","2023-05-03","12.0","Name_Unique","50","TRUST","Street"
"165","Name2","2.0","2.0","2023-05-03","13.0","Name2_Unique","51","PUBLIC","Street2"
"166","Name","1.0","1.0","2023-05-03","12.0","Name_Unique","50","TRUST","Street"
"167","Name2","2.0","2.0","2023-05-03","13.0","Name2_Unique","51","PUBLIC","Street2"
"168","Name","1.0","1.0","2023-05-03","12.0","Name_Unique","50","TRUST","Street"
"169","Name2","2.0","2.0","2023-05-03","13.0","Name2_Unique","51","PUBLIC","Street2"
"170","Name","1.0","1.0","2023-05-03","12.0","Name_Unique","50","TRUST","Street"
"171","Name2","2.0","2.0","2023-05-03","13.0","Name2_Unique","51","PUBLIC","Street2"
"172","Name","1.0","1.0","2023-05-03","12.0","Name_Unique","50","TRUST","Street"
"173","Name2","2.0","2.0","2023-05-03","13.0","Name2_Unique","51","PUBLIC","Street2"
"174","Name","1.0","1.0","2023-05-03","12.0","Name_Unique","50","TRUST","Street"
"175","Name2","2.0","2.0","2023-05-03","13.0","Name2_Unique","51","PUBLIC","Street2"
"176","Name","1.0","1.0","2023-05-03","12.0","Name_Unique","50","TRUST","Street"
"177","Name2","2.0","2.0","2023-05-03","13.0","Name2_Unique","51","PUBLIC","Street2"
"178","Name","1.0","1.0","2023-05-03","12.0","Name_Unique","50","TRUST","Street"
"179","Name2","2.0","2.0","2023-05-03","13.0","Name2_Unique","51","PUBLIC","Street2"
"180","Name","1.0","1.0","2023-05-03","12.0","Name_Unique","50","TRUST","Street"
"181","Name2","2.0","2.0","2023-05-03","13.0","Name2_Unique","51","PUBLIC","Street2"
"182","Name","1.0","1.0","2023-05-03","12.0","Name_Unique","50","TRUST","Street"
"183","Name2","2.0","2.0","2023-05-03","13.0","Name2_Unique","51","PUBLIC","Street2"
"184","Name","1.0","1.0","2023-05-03","12.0","Name_Unique","50","TRUST","Street"
"185","Name2","2.0","2.0","2023-05-03","13.0","Name2_Unique","51","PUBLIC","Street2"
"186","Name","1.0","1.0","2023-05-03","12.0","Name_Unique","50","TRUST","Street"
"187","Name2","2.0","2.0","2023-05-03","13.0","Name2_Unique","51","PUBLIC","Street2"
"188","Name","1.0","1.0","2023-05-03","12.0","Name_Unique","50","TRUST","Street"
"189","Name2","2.0","2.0","2023-05-03","13.0","Name2_Unique","51","PUBLIC","Street2"
"190","Name","1.0","1.0","2023-05-03","12.0","Name_Unique","50","TRUST","Street"
"191","Name2","2.0","2.0","2023-05-03","13.0","Name2_Unique","51","PUBLIC","Street2"
"192","Name","1.0","1.0","2023-05-03","12.0","Name_Unique","50","TRUST","Street"
"193","Name2","2.0","2.0","2023-05-03","13.0","Name2_Unique","51","PUBLIC","Street2"
"194","Name","1.0","1.0","2023-05-03","12.0","Name_Unique","50","TRUST","Street"
"195","Name2","2.0","2.0","2023-05-03","13.0","Name2_Unique","51","PUBLIC","Street2"
"196","Name","1.0","1.0","2023-05-03","12.0","Name_Unique","50","TRUST","Street"
"197","Name2","2.0","2.0","2023-05-03","13.0","Name2_Unique","51","PUBLIC","Street2"
"198","Name","1.0","1.0","2023-05-03","12.0","Name_Unique","50","TRUST","Street"
"199","Name2","2.0","2.0","2023-05-03","13.0","Name2_Unique","51","PUBLIC","Street2"
"200","Name","1.0","1.0","2023-05-03","12.0","Name_Unique","50","TRUST","Street"
"201","Name2","2.0","2.0","2023-05-03","13.0","Name2_Unique","51","PUBLIC","Street2"
"202","Name","1.0","1.0","2023-05-03","12.0","Name_Unique","50","TRUST","Street"
"203","Name2","2.0","2.0","2023-05-03","13.0","Name2_Unique","51","PUBLIC","Street2"
"204","Name","1.0","1.0","2023-05-03","12.0","Name_Unique","50","TRUST","Street"
"205","Name2","2.0","2.0","2023-05-03","13.0","Name2_Unique","51","PUBLIC","Street2"
"206","Name","1.0","1.0","2023-05-03","12.0","Name_Unique","50","TRUST","Street"
"207","Name2","2.0","2.0","2023-05-03","13.0","Name2_Unique","51","PUBLIC","Street2"
"208","Name","1.0","1.0","2023-05-03","12.0","Name_Unique","50","TRUST","Street"
"209","Name2","2.0","2.0","2023-05-03","13.0","Name2_Unique","51","PUBLIC","Street2"
"210","Name","1.0","1.0","2023-05-03","12.0","Name_Unique","50","TRUST","Street"
"211","Name2","2.0","2.0","2023-05-03","13.0","Name2_Unique","51","PUBLIC","Street2"
"212","Name","1.0","1.0","2023-05-03","12.0","Name_Unique","50","TRUST","Street"
"213","Name2","2.0","2.0","2023-05-03","13.0","Name2_Unique","51","PUBLIC","Street2"
"214","Name","1.0","1.0","2023-05-03","12.0","Name_Unique","50","TRUST","Street"
"215","Name2","2.0","2.0","2023-05-03","13.0","Name2_Unique","51","PUBLIC","Street2"
"216","Name","1.0","1.0","2023-05-03","12.0","Name_Unique","50","TRUST","Street"
"217","Name2","2.0","2.0","2023-05-03","13.0","Name2_Unique","51","PUBLIC","Street2"
"218","Name","1.0","1.0","2023-05-03","12.0","Name_Unique","50","TRUST","Street"
"219","Name2","2.0","2.0","2023-05-03","13.0","Name2_Unique","51","PUBLIC","Street2"
"220","Name","1.0","1.0","2023-05-03","12.0","Name_Unique","50","TRUST","Street"
"221","Name2","2.0","2.0","2023-05-03","13.0","Name2_Unique","51","PUBLIC","Street2"
"222","Name","1.0","1.0","2023-05-03","12.0","Name_Unique","50","TRUST","Street"
"223","Name2","2.0","2.0","2023-05-03","13.0","Name2_Unique","51","PUBLIC","Street2"
"224","Name","1.0","1.0","2023-05-03","12.0","Name_Unique","50","TRUST","Street"
"225","Name2","2.0","2.0","2023-05-03","13.0","Name2_Unique","51","PUBLIC","Street2"
"226","Name","1.0","1.0","2023-05-03","12.0","Name_Unique","50","TRUST","Street"
"227","Name2","2.0","2.0","2023-05-03","13.0","Name2_Unique","51","PUBLIC","Street2"
"228","Name","1.0","1.0","2023-05-03","12.0","Name_Unique","50","TRUST","Street"
"229","Name2","2.0","2.0","2023-05-03","13.0","Name2_Unique","51","PUBLIC","Street2"
"230","Name","1.0","1.0","2023-05-03","12.0","Name_Unique","50","TRUST","Street"
"231","Name2","2.0","2.0","2023-05-03","13.0","Name2_Unique","51","PUBLIC","Street2"
"232","Name","1.0","1.0","2023-05-03","12.0","Name_Unique","50","TRUST","Street"
"233","Name2","2.0","2.0","2023-05-03","13.0","Name2_Unique","51","PUBLIC","Street2"
"234","Name","1.0","1.0","2023-05-03","12.0","Name_Unique","50","TRUST","Street"
"235","Name2","2.0","2.0","2023-05-03","13.0","Name2_Unique","51","PUBLIC","Street2"
"236","Name","1.0","1.0","2023-05-03","12.0","Name_Unique","50","TRUST","Street"
"237","Name2","2.0","2.0","2023-05-03","13.0","Name2_Unique","51","PUBLIC","Street2"
"238","Name","1.0","1.0","2023-05-03","12.0","Name_Unique","50","TRUST","Street"
"239","Name2","2.0","2.0","2023-05-03","13.0","Name2_Unique","51","PUBLIC","Street2"
"240","Name","1.0","1.0","2023-05-03","12.0","Name_Unique","50","TRUST","Street"
"241","Name2","2.0","2.0","2023-05-03","13.0","Name2_Unique","51","PUBLIC","Street2"
"242","Name","1.0","1.0","2023-05-03","12.0","Name_Unique","50","TRUST","Street"
"243","Name2","2.0","2.0","2023-05-03","13.0","Name2_Unique","51","PUBLIC","Street2"
"244","Name","1.0","1.0","2023-05-03","12.0","Name_Unique","50","TRUST","Street"
"245","Name2","2.0","2.0","2023-05-03","13.0","Name2_Unique","51","PUBLIC","Street2"
"246","Name","1.0","1.0","2023-05-03","12.0","Name_Unique","50","TRUST","Street"
"247","Name2","2.0","2.0","2023-05-03","13.0","Name2_Unique","51","PUBLIC","Street2"
"248","Name","1.0","1.0","2023-05-03","12.0","Name_Unique","50","TRUST","Street"
"249","Name2","2.0","2.0","2023-05-03","13.0","Name2_Unique","51","PUBLIC","Street2"
"250","Name","1.0","1.0","2023-05-03","12.0","Name_Unique","50","TRUST","Street"
"251","Name2","2.0","2.0","2023-05-03","13.0","Name2_Unique","51","PUBLIC","Street2"
"252","Name","1.0","1.0","2023-05-03","12.0","Name_Unique","50","TRUST","Street"
"253","Name2","2.0","2.0","2023-05-03","13.0","Name2_Unique","51","PUBLIC","Street2"
"254","Name","1.0","1.0","2023-05-03","12.0","Name_Unique","50","TRUST","Street"
"255","Name2","2.0","2.0","2023-05-03","13.0","Name2_Unique","51","PUBLIC","Street2"
"256","Name","1.0","1.0","2023-05-03","12.0","Name_Unique","50","TRUST","Street"
"257","Name2","2.0","2.0","2023-05-03","13.0","Name2_Unique","51","PUBLIC","Street2"
"258","Name","1.0","1.0","2023-05-03","12.0","Name_Unique","50","TRUST","Street"
"259","Name2","2.0","2.0","2023-05-03","13.0","Name2_Unique","51","PUBLIC","Street2"
"260","Name","1.0","1.0","2023-05-03","12.0","Name_Unique","50","TRUST","Street"
"261","Name2","2.0","2.0","2023-05-03","13.0","Name2_Unique","51","PUBLIC","Street2"
"262","Name","1.0","1.0","2023-05-03","12.0","Name_Unique","50","TRUST","Street"
"263","Name2","2.0","2.0","2023-05-03","13.0","Name2_Unique","51","PUBLIC","Street2"
"264","Name","1.0","1.0","2023-05-03","12.0","Name_Unique","50","TRUST","Street"
"265","Name2","2.0","2.0","2023-05-03","13.0","Name2_Unique","51","PUBLIC","Street2"
"266","Name","1.0","1.0","2023-05-03","12.0","Name_Unique","50","TRUST","Street"
"267","Name2","2.0","2.0","2023-05-03","13.0","Name2_Unique","51","PUBLIC","Street2"
"268","Name","1.0","1.0","2023-05-03","12.0","Name_Unique","50","TRUST","Street"
"269","Name2","2.0","2.0","2023-05-03","13.0","Name2_Unique","51","PUBLIC","Street2"
"270","Name","1.0","1.0","2023-05-03","12.0","Name_Unique","50","TRUST","Street"
"271","Name2","2.0","2.0","2023-05-03","13.0","Name2_Unique","51","PUBLIC","Street2"
"272","Name","1.0","1.0","2023-05-03","12.0","Name_Unique","50","TRUST","Street"
"273","Name2","2.0","2.0","2023-05-03","13.0","Name2_Unique","51","PUBLIC","Street2"
"274","Name","1.0","1.0","2023-05-03","12.0","Name_Unique","50","TRUST","Street"
"275","Name2","2.0","2.0","2023-05-03","13.0","Name2_Unique","51","PUBLIC","Street2"
"276","Name","1.0","1.0","2023-05-03","12.0","Name_Unique","50","TRUST","Street"
"277","Name2","2.0","2.0","2023-05-03","13.0","Name2_Unique","51","PUBLIC","Street2"
"278","Name","1.0","1.0","2023-05-03","12.0","Name_Unique","50","TRUST","Street"
"279","Name2","2.0","2.0","2023-05-03","13.0","Name2_Unique","51","PUBLIC","Street2"
"280","Name","1.0","1.0","2023-05-03","12.0","Name_Unique","50","TRUST","Street"
"281","Name2","2.0","2.0","2023-05-03","13.0","Name2_Unique","51","PUBLIC","Street2"
"282","Name","1.0","1.0","2023-05-03","12.0","Name_Unique","50","TRUST","Street"
"283","Name2","2.0","2.0","2023-05-03","13.0","Name2_Unique","51","PUBLIC","Street2"
"284","Name","1.0","1.0","2023-05-03","12.0","Name_Unique","50","TRUST","Street"
"285","Name2","2.0","2.0","2023-05-03","13.0","Name2_Unique","51","PUBLIC","Street2"
"286","Name","1.0","1.0","2023-05-03","12.0","Name_Unique","50","TRUST","Street"
"287","Name2","2.0","2.0","2023-05-03","13.0","Name2_Unique","51","PUBLIC","Street2"
"288","Name","1.0","1.0","2023-05-03","12.0","Name_Unique","50","TRUST","Street"
"289","Name2","2.0","2.0","2023-05-03","13.0","Name2_Unique","51","PUBLIC","Street2"
"290","Name","1.0","1.0","2023-05-03","12.0","Name_Unique","50","TRUST","Street"
"291","Name2","2.0","2.0","2023-05-03","13.0","Name2_Unique","51","PUBLIC","Street2"
"292","Name","1.0","1.0","2023-05-03","12.0","Name_Unique","50","TRUST","Street"
"293","Name2","2.0","2.0","2023-05-03","13.0","Name2_Unique","51","PUBLIC","Street2"
"294","Name","1.0","1.0","2023-05-03","12.0","Name_Unique","50","TRUST","Street"
"295","Name2","2.0","2.0","2023-05-03","13.0","Name2_Unique","51","PUBLIC","Street2"
"296","Name","1.0","1.0","2023-05-03","12.0","Name_Unique","50","TRUST","Street"
"297","Name2","2.0","2.0","2023-05-03","13.0","Name2_Unique","51","PUBLIC","Street2"
"298","Name","1.0","1.0","2023-05-03","12.0","Name_Unique","50","TRUST","Street"
"299","Name2","2.0","2.0","2023-05-03","13.0","Name2_Unique","51","PUBLIC","Street2"
"300","Name","1.0","1.0","2023-05-03","12.0","Name_Unique","50","TRUST","Street"
"301","Name2","2.0","2.0","2023-05-03","13.0","Name2_Unique","51","PUBLIC","Street2"
"302","Name","1.0","1.0","2023-05-03","12.0","Name_Unique","50","TRUST","Street"
"303","Name2","2.0","2.0","2023-05-03","13.0","Name2_Unique","51","PUBLIC","Street2"
"304","Name","1.0","1.0","2023-05-03","12.0","Name_Unique","50","TRUST","Street"
"305","Name2","2.0","2.0","2023-05-03","13.0","Name2_Unique","51","PUBLIC","Street2"
"306","Name","1.0","1.0","2023-05-03","12.0","Name_Unique","50","TRUST","Street"
"307","Name2","2.0","2.0","2023-05-03","13.0","Name2_Unique","51","PUBLIC","Street2"
"308","Name","1.0","1.0","2023-05-03","12.0","Name_Unique","50","TRUST","Street"
"309","Name2","2.0","2.0","2023-05-03","13.0","Name2_Unique","51","PUBLIC","Street2"
"310","Name","1.0","1.0","2023-05-03","12.0","Name_Unique","50","TRUST","Street"
"311","Name2","2.0","2.0","2023-05-03","13.0","Name2_Unique","51","PUBLIC","Street2"
"312","Name","1.0","1.0","2023-05-03","12.0","Name_Unique","50","TRUST","Street"
"313","Name2","2.0","2.0","2023-05-03","13.0","Name2_Unique","51","PUBLIC","Street2"
"314","Name","1.0","1.0","2023-05-03","12.0","Name_Unique","50","TRUST","Street"
"315","Name2","2.0","2.0","2023-05-03","13.0","Name2_Unique","51","PUBLIC","Street2"
"316","Name","1.0","1.0","2023-05-03","12.0","Name_Unique","50","TRUST","Street"
"317","Name2","2.0","2.0","2023-05-03","13.0","Name2_Unique","51","PUBLIC","Street2"
"318","Name","1.0","1.0","2023-05-03","12.0","Name_Unique","50","TRUST","Street"
"319","Name2","2.0","2.0","2023-05-03","13.0","Name2_Unique","51","PUBLIC","Street2"
"320","Name","1.0","1.0","2023-05-03","12.0","Name_Unique","50","TRUST","Street"
"321","Name2","2.0","2.0","2023-05-03","13.0","Name2_Unique","51","PUBLIC","Street2"
"322","Name","1.0","1.0","2023-05-03","12.0","Name_Unique","50","TRUST","Street"
"323","Name2","2.0","2.0","2023-05-03","13.0","Name2_Unique","51","PUBLIC","Street2"
"324","Name","1.0","1.0","2023-05-03","12.0","Name_Unique","50","TRUST","Street"
"325","Name2","2.0","2.0","2023-05-03","13.0","Name2_Unique","51","PUBLIC","Street2"
"326","Name","1.0","1.0","2023-05-03","12.0","Name_Unique","50","TRUST","Street"
"327","Name2","2.0","2.0","2023-05-03","13.0","Name2_Unique","51","PUBLIC","Street2"
"328","Name","1.0","1.0","2023-05-03","12.0","Name_Unique","50","TRUST","Street"
"329","Name2","2.0","2.0","2023-05-03","13.0","Name2_Unique","51","PUBLIC","Street2"
"330","Name","1.0","1.0","2023-05-03","12.0","Name_Unique","50","TRUST","Street"
"331","Name2","2.0","2.0","2023-05-03","13.0","Name2_Unique","51","PUBLIC","Street2"
"332","Name","1.0","1.0","2023-05-03","12.0","Name_Unique","50","TRUST","Street"
"333","Name2","2.0","2.0","2023-05-03","13.0","Name2_Unique","51","PUBLIC","Street2"
"334","Name","1.0","1.0","2023-05-03","12.0","Name_Unique","50","TRUST","Street"
"335","Name2","2.0","2.0","2023-05-03","13.0","Name2_Unique","51","PUBLIC","Street2"
"336","Name","1.0","1.0","2023-05-03","12.0","Name_Unique","50","TRUST","Street"
"337","Name2","2.0","2.0","2023-05-03","13.0","Name2_Unique","51","PUBLIC","Street2"
"338","Name","1.0","1.0","2023-05-03","12.0","Name_Unique","50","TRUST","Street"
"339","Name2","2.0","2.0","2023-05-03","13.0","Name2_Unique","51","PUBLIC","Street2"
"340","Name","1.0","1.0","2023-05-03","12.0","Name_Unique","50","TRUST","Street"
"341","Name2","2.0","2.0","2023-05-03","13.0","Name2_Unique","51","PUBLIC","Street2"
"342","Name","1.0","1.0","2023-05-03","12.0","Name_Unique","50","TRUST","Street"
"343","Name2","2.0","2.0","2023-05-03","13.0","Name2_Unique","51","PUBLIC","Street2"
"344","Name","1.0","1.0","2023-05-03","12.0","Name_Unique","50","TRUST","Street"
"345","Name2","2.0","2.0","2023-05-03","13.0","Name2_Unique","51","PUBLIC","Street2"
"346","Name","1.0","1.0","2023-05-03","12.0","Name_Unique","50","TRUST","Street"
"347","Name2","2.0","2.0","2023-05-03","13.0","Name2_Unique","51","PUBLIC","Street2"
"348","Name","1.0","1.0","2023-05-03","12.0","Name_Unique","50","TRUST","Street"
"349","Name2","2.0","2.0","2023-05-03","13.0","Name2_Unique","51","PUBLIC","Street2"
"350","Name","1.0","1.0","2023-05-03","12.0","Name_Unique","50","TRUST","Street"
"351","Name2","2.0","2.0","2023-05-03","13.0","Name2_Unique","51","PUBLIC","Street2"
"352","Name","1.0","1.0","2023-05-03","12.0","Name_Unique","50","TRUST","Street"
"353","Name2","2.0","2.0","2023-05-03","13.0","Name2_Unique","51","PUBLIC","Street2"
"354","Name","1.0","1.0","2023-05-03","12.0","Name_Unique","50","TRUST","Street"
"355","Name2","2.0","2.0","2023-05-03","13.0","Name2_Unique","51","PUBLIC","Street2"
"356","Name","1.0","1.0","2023-05-03","12.0","Name_Unique","50","TRUST","Street"
"357","Name2","2.0","2.0","2023-05-03","13.0","Name2_Unique","51","PUBLIC","Street2"
"358","Name","1.0","1.0","2023-05-03","12.0","Name_Unique","50","TRUST","Street"
"359","Name2","2.0","2.0","2023-05-03","13.0","Name2_Unique","51","PUBLIC","Street2"
"360","Name","1.0","1.0","2023-05-03","12.0","Name_Unique","50","TRUST","Street"
"361","Name2","2.0","2.0","2023-05-03","13.0","Name2_Unique","51","PUBLIC","Street2"
"362","Name","1.0","1.0","2023-05-03","12.0","Name_Unique","50","TRUST","Street"
"363","Name2","2.0","2.0","2023-05-03","13.0","Name2_Unique","51","PUBLIC","Street2"
"364","Name","1.0","1.0","2023-05-03","12.0","Name_Unique","50","TRUST","Street"
"365","Name2","2.0","2.0","2023-05-03","13.0","Name2_Unique","51","PUBLIC","Street2"
"366","Name","1.0","1.0","2023-05-03","12.0","Name_Unique","50","TRUST","Street"
"367","Name2","2.0","2.0","2023-05-03","13.0","Name2_Unique","51","PUBLIC","Street2"
"368","Name","1.0","1.0","2023-05-03","12.0","Name_Unique","50","TRUST","Street"
"369","Name2","2.0","2.0","2023-05-03","13.0","Name2_Unique","51","PUBLIC","Street2"
"370","Name","1.0","1.0","2023-05-03","12.0","Name_Unique","50","TRUST","Street"
"371","Name2","2.0","2.0","2023-05-03","13.0","Name2_Unique","51","PUBLIC","Street2"
"372","Name","1.0","1.0","2023-05-03","12.0","Name_Unique","50","TRUST","Street"
"373","Name2","2.0","2.0","2023-05-03","13.0","Name2_Unique","51","PUBLIC","Street2"
"374","Name","1.0","1.0","2023-05-03","12.0","Name_Unique","50","TRUST","Street"
"375","Name2","2.0","2.0","2023-05-03","13.0","Name2_Unique","51","PUBLIC","Street2"
"376","Name","1.0","1.0","2023-05-03","12.0","Name_Unique","50","TRUST","Street"
"377","Name2","2.0","2.0","2023-05-03","13.0","Name2_Unique","51","PUBLIC","Street2"
"378","Name","1.0","1.0","2023-05-03","12.0","Name_Unique","50","TRUST","Street"
"379","Name2","2.0","2.0","2023-05-03","13.0","Name2_Unique","51","PUBLIC","Street2"
"380","Name","1.0","1.0","2023-05-03","12.0","Name_Unique","50","TRUST","Street"
"381","Name2","2.0","2.0","2023-05-03","13.0","Name2_Unique","51","PUBLIC","Street2"
"382","Name","1.0","1.0","2023-05-03","12.0","Name_Unique","50","TRUST","Street"
"383","Name2","2.0","2.0","2023-05-03","13.0","Name2_Unique","51","PUBLIC","Street2"
"384","Name","1.0","1.0","2023-05-03","12.0","Name_Unique","50","TRUST","Street"
"385","Name2","2.0","2.0","2023-05-03","13.0","Name2_Unique","51","PUBLIC","Street2"
"386","Name","1.0","1.0","2023-05-03","12.0","Name_Unique","50","TRUST","Street"
"387","Name2","2.0","2.0","2023-05-03","13.0","Name2_Unique","51","PUBLIC","Street2"
"388","Name","1.0","1.0","2023-05-03","12.0","Name_Unique","50","TRUST","Street"
"389","Name2","2.0","2.0","2023-05-03","13.0","Name2_Unique","51","PUBLIC","Street2"
"390","Name","1.0","1.0","2023-05-03","12.0","Name_Unique","50","TRUST","Street"
"391","Name2","2.0","2.0","2023-05-03","13.0","Name2_Unique","51","PUBLIC","Street2"
"392","Name","1.0","1.0","2023-05-03","12.0","Name_Unique","50","TRUST","Street"
"393","Name2","2.0","2.0","2023-05-03","13.0","Name2_Unique","51","PUBLIC","Street2"
"394","Name","1.0","1.0","2023-05-03","12.0","Name_Unique","50","TRUST","Street"
"395","Name2","2.0","2.0","2023-05-03","13.0","Name2_Unique","51","PUBLIC","Street2"
"396","Name","1.0","1.0","2023-05-03","12.0","Name_Unique","50","TRUST","Street"
"397","Name2","2.0","2.0","2023-05-03","13.0","Name2_Unique","51","PUBLIC","Street2"
"398","Name","1.0","1.0","2023-05-03","12.0","Name_Unique","50","TRUST","Street"
"399","Name2","2.0","2.0","2023-05-03","13.0","Name2_Unique","51","PUBLIC","Street2"
"400","Name","1.0","1.0","2023-05-03","12.0","Name_Unique","50","TRUST","Street"
"401","Name2","2.0","2.0","2023-05-03","13.0","Name2_Unique","51","PUBLIC","Street2"
"402","Name","1.0","1.0","2023-05-03","12.0","Name_Unique","50","TRUST","Street"
"403","Name2","2.0","2.0","2023-05-03","13.0","Name2_Unique","51","PUBLIC","Street2"
"404","Name","1.0","1.0","2023-05-03","12.0","Name_Unique","50","TRUST","Street"
"405","Name2","2.0","2.0","2023-05-03","13.0","Name2_Unique","51","PUBLIC","Street2"
"406","Name","1.0","1.0","2023-05-03","12.0","Name_Unique","50","TRUST","Street"
"407","Name2","2.0","2.0","2023-05-03","13.0","Name2_Unique","51","PUBLIC","Street2"
"408","Name","1.0","1.0","2023-05-03","12.0","Name_Unique","50","TRUST","Street"
"409","Name2","2.0","2.0","2023-05-03","13.0","Name2_Unique","51","PUBLIC","Street2"
"410","Name","1.0","1.0","2023-05-03","12.0","Name_Unique","50","TRUST","Street"
"411","Name2","2.0","2.0","2023-05-03","13.0","Name2_Unique","51","PUBLIC","Street2"
"412","Name","1.0","1.0","2023-05-03","12.0","Name_Unique","50","TRUST","Street"
"413","Name2","2.0","2.0","2023-05-03","13.0","Name2_Unique","51","PUBLIC","Street2"
"414","Name","1.0","1.0","2023-05-03","12.0","Name_Unique","50","TRUST","Street"
"415","Name2","2.0","2.0","2023-05-03","13.0","Name2_Unique","51","PUBLIC","Street2"
"416","Name","1.0","1.0","2023-05-03","12.0","Name_Unique","50","TRUST","Street"
"417","Name2","2.0","2.0","2023-05-03","13.0","Name2_Unique","51","PUBLIC","Street2"
"418","Name","1.0","1.0","2023-05-03","12.0","Name_Unique","50","TRUST","Street"
"419","Name2","2.0","2.0","2023-05-03","13.0","Name2_Unique","51","PUBLIC","Street2"
"420","Name","1.0","1.0","2023-05-03","12.0","Name_Unique","50","TRUST","Street"
"421","Name2","2.0","2.0","2023-05-03","13.0","Name2_Unique","51","PUBLIC","Street2"
"422","Name","1.0","1.0","2023-05-03","12.0","Name_Unique","50","TRUST","Street"
"423","Name2","2.0","2.0","2023-05-03","13.0","Name2_Unique","51","PUBLIC","Street2"
"424","Name","1.0","1.0","2023-05-03","12.0","Name_Unique","50","TRUST","Street"
"425","Name2","2.0","2.0","2023-05-03","13.0","Name2_Unique","51","PUBLIC","Street2"
"426","Name","1.0","1.0","2023-05-03","12.0","Name_Unique","50","TRUST","Street"
"427","Name2","2.0","2.0","2023-05-03","13.0","Name2_Unique","51","PUBLIC","Street2"
"428","Name","1.0","1.0","2023-05-03","12.0","Name_Unique","50","TRUST","Street"
"429","Name2","2.0","2.0","2023-05-03","13.0","Name2_Unique","51","PUBLIC","Street2"
"430","Name","1.0","1.0","2023-05-03","12.0","Name_Unique","50","TRUST","Street"
"431","Name2","2.0","2.0","2023-05-03","13.0","Name2_Unique","51","PUBLIC","Street2"
"432","Name","1.0","1.0","2023-05-03","12.0","Name_Unique","50","TRUST","Street"
"433","Name2","2.0","2.0","2023-05-03","13.0","Name2_Unique","51","PUBLIC","Street2"
"434","Name","1.0","1.0","2023-05-03","12.0","Name_Unique","50","TRUST","Street"
"435","Name2","2.0","2.0","2023-05-03","13.0","Name2_Unique","51","PUBLIC","Street2"
"436","Name","1.0","1.0","2023-05-03","12.0","Name_Unique","50","TRUST","Street"
"437","Name2","2.0","2.0","2023-05-03","13.0","Name2_Unique","51","PUBLIC","Street2"
"438","Name","1.0","1.0","2023-05-03","12.0","Name_Unique","50","TRUST","Street"
"439","Name2","2.0","2.0","2023-05-03","13.0","Name2_Unique","51","PUBLIC","Street2"
"440","Name","1.0","1.0","2023-05-03","12.0","Name_Unique","50","TRUST","Street"
"441","Name2","2.0","2.0","2023-05-03","13.0","Name2_Unique","51","PUBLIC","Street2"
"442","Name","1.0","1.0","2023-05-03","12.0","Name_Unique","50","TRUST","Street"
"443","Name2","2.0","2.0","2023-05-03","13.0","Name2_Unique","51","PUBLIC","Street2"
"444","Name","1.0","1.0","2023-05-03","12.0","Name_Unique","50","TRUST","Street"
"445","Name2","2.0","2.0","2023-05-03","13.0","Name2_Unique","51","PUBLIC","Street2"
"446","Name","1.0","1.0","2023-05-03","12.0","Name_Unique","50","TRUST","Street"
"447","Name2","2.0","2.0","2023-05-03","13.0","Name2_Unique","51","PUBLIC","Street2"
"448","Name","1.0","1.0","2023-05-03","12.0","Name_Unique","50","TRUST","Street"
"449","Name2","2.0","2.0","2023-05-03","13.0","Name2_Unique","51","PUBLIC","Street2"
"450","Name","1.0","1.0","2023-05-03","12.0","Name_Unique","50","TRUST","Street"
"451","Name2","2.0","2.0","2023-05-03","13.0","Name2_Unique","51","PUBLIC","Street2"
"452","Name","1.0","1.0","2023-05-03","12.0","Name_Unique","50","TRUST","Street"
"453","Name2","2.0","2.0","2023-05-03","13.0","Name2_Unique","51","PUBLIC","Street2"
"454","Name","1.0","1.0","2023-05-03","12.0","Name_Unique","50","TRUST","Street"
"455","Name2","2.0","2.0","2023-05-03","13.0","Name2_Unique","51","PUBLIC","Street2"
"456","Name","1.0","1.0","2023-05-03","12.0","Name_Unique","50","TRUST","Street"
"457","Name2","2.0","2.0","2023-05-03","13.0","Name2_Unique","51","PUBLIC","Street2"
"458","Name","1.0","1.0","2023-05-03","12.0","Name_Unique","50","TRUST","Street"
"459","Name2","2.0","2.0","2023-05-03","13.0","Name2_Unique","51","PUBLIC","Street2"
"460","Name","1.0","1.0","2023-05-03","12.0","Name_Unique","50","TRUST","Street"
"461","Name2","2.0","2.0","2023-05-03","13.0","Name2_Unique","51","PUBLIC","Street2"
"462","Name","1.0","1.0","2023-05-03","12.0","Name_Unique","50","TRUST","Street"
"463","Name2","2.0","2.0","2023-05-03","13.0","Name2_Unique","51","PUBLIC","Street2"
"464","Name","1.0","1.0","2023-05-03","12.0","Name_Unique","50","TRUST","Street"
"465","Name2","2.0","2.0","2023-05-03","13.0","Name2_Unique","51","PUBLIC","Street2"
"466","Name","1.0","1.0","2023-05-03","12.0","Name_Unique","50","TRUST","Street"
"467","Name2","2.0","2.0","2023-05-03","13.0","Name2_Unique","51","PUBLIC","Street2"
"468","Name","1.0","1.0","2023-05-03","12.0","Name_Unique","50","TRUST","Street"
"469","Name2","2.0","2.0","2023-05-03","13.0","Name2_Unique","51","PUBLIC","Street2"
"470","Name","1.0","1.0","2023-05-03","12.0","Name_Unique","50","TRUST","Street"
"471","Name2","2.0","2.0","2023-05-03","13.0","Name2_Unique","51","PUBLIC","Street2"
"472","Name","1.0","1.0","2023-05-03","12.0","Name_Unique","50","TRUST","Street"
"473","Name2","2.0","2.0","2023-05-03","13.0","Name2_Unique","51","PUBLIC","Street2"
"474","Name","1.0","1.0","2023-05-03","12.0","Name_Unique","50","TRUST","Street"
"475","Name2","2.0","2.0","2023-05-03","13.0","Name2_Unique","51","PUBLIC","Street2"
"476","Name","1.0","1.0","2023-05-03","12.0","Name_Unique","50","TRUST","Street"
"477","Name2","2.0","2.0","2023-05-03","13.0","Name2_Unique","51","PUBLIC","Street2"
"478","Name","1.0","1.0","2023-05-03","12.0","Name_Unique","50","TRUST","Street"
"479","Name2","2.0","2.0","2023-05-03","13.0","Name2_Unique","51","PUBLIC","Street2"
"480","Name","1.0","1.0","2023-05-03","12.0","Name_Unique","50","TRUST","Street"
"481","Name2","2.0","2.0","2023-05-03","13.0","Name2_Unique","51","PUBLIC","Street2"
"482","Name","1.0","1.0","2023-05-03","12.0","Name_Unique","50","TRUST","Street"
"483","Name2","2.0","2.0","2023-05-03","13.0","Name2_Unique","51","PUBLIC","Street2"
"484","Name","1.0","1.0","2023-05-03","12.0","Name_Unique","50","TRUST","Street"
"485","Name2","2.0","2.0","2023-05-03","13.0","Name2_Unique","51","PUBLIC","Street2"
"486","Name","1.0","1.0","2023-05-03","12.0","Name_Unique","50","TRUST","Street"
"487","Name2","2.0","2.0","2023-05-03","13.0","Name2_Unique","51","PUBLIC","Street2"
"488","Name","1.0","1.0","2023-05-03","12.0","Name_Unique","50","TRUST","Street"
"489","Name2","2.0","2.0","2023-05-03","13.0","Name2_Unique","51","PUBLIC","Street2"
"490","Name","1.0","1.0","2023-05-03","12.0","Name_Unique","50","TRUST","Street"
"491","Name2","2.0","2.0","2023-05-03","13.0","Name2_Unique","51","PUBLIC","Street2"
"492","Name","1.0","1.0","2023-05-03","12.0","Name_Unique","50","TRUST","Street"
"493","Name2","2.0","2.0","2023-05-03","13.0","Name2_Unique","51","PUBLIC","Street2"
"494","Name","1.0","1.0","2023-05-03","12.0","Name_Unique","50","TRUST","Street"
"495","Name2","2.0","2.0","2023-05-03","13.0","Name2_Unique","51","PUBLIC","Street2"
"496","Name","1.0","1.0","2023-05-03","12.0","Name_Unique","50","TRUST","Street"
"497","Name2","2.0","2.0","2023-05-03","13.0","Name2_Unique","51","PUBLIC","Street2"
"498","Name","1.0","1.0","2023-05-03","12.0","Name_Unique","50","TRUST","Street"
"499","Name2","2.0","2.0","2023-05-03","13.0","Name2_Unique","51","PUBLIC","Street2"
"500","Name","1.0","1.0","2023-05-03","12.0","Name_Unique","50","TRUST","Street"
"501","Name2","2.0","2.0","2023-05-03","13.0","Name2_Unique","51","PUBLIC","Street2"
"502","Name","1.0","1.0","2023-05-03","12.0","Name_Unique","50","TRUST","Street"
"503","Name2","2.0","2.0","2023-05-03","13.0","Name2_Unique","51","PUBLIC","Street2"
"504","Name","1.0","1.0","2023-05-03","12.0","Name_Unique","50","TRUST","Street"
"505","Name2","2.0","2.0","2023-05-03","13.0","Name2_Unique","51","PUBLIC","Street2"
"506","Name","1.0","1.0","2023-05-03","12.0","Name_Unique","50","TRUST","Street"
"507","Name2","2.0","2.0","2023-05-03","13.0","Name2_Unique","51","PUBLIC","Street2"
"508","Name","1.0","1.0","2023-05-03","12.0","Name_Unique","50","TRUST","Street"
"509","Name2","2.0","2.0","2023-05-03","13.0","Name2_Unique","51","PUBLIC","Street2"
"510","Name","1.0","1.0","2023-05-03","12.0","Name_Unique","50","TRUST","Street"
"511","Name2","2.0","2.0","2023-05-03","13.0","Name2_Unique","51","PUBLIC","Street2"
"512","Name","1.0","1.0","2023-05-03","12.0","Name_Unique","50","TRUST","Street"
"513","Name2","2.0","2.0","2023-05-03","13.0","Name2_Unique","51","PUBLIC","Street2"
"514","Name","1.0","1.0","2023-05-03","12.0","Name_Unique","50","TRUST","Street"
"515","Name2","2.0","2.0","2023-05-03","13.0","Name2_Unique","51","PUBLIC","Street2"
"516","Name","1.0","1.0","2023-05-03","12.0","Name_Unique","50","TRUST","Street"
"517","Name2","2.0","2.0","2023-05-03","13.0","Name2_Unique","51","PUBLIC","Street2"
"518","Name","1.0","1.0","2023-05-03","12.0","Name_Unique","50","TRUST","Street"
"519","Name2","2.0","2.0","2023-05-03","13.0","Name2_Unique","51","PUBLIC","Street2"
"520","Name","1.0","1.0","2023-05-03","12.0","Name_Unique","50","TRUST","Street"
"521","Name2","2.0","2.0","2023-05-03","13.0","Name2_Unique","51","PUBLIC","Street2"
"522","Name","1.0","1.0","2023-05-03","12.0","Name_Unique","50","TRUST","Street"
"523","Name2","2.0","2.0","2023-05-03","13.0","Name2_Unique","51","PUBLIC","Street2"
"524","Name","1.0","1.0","2023-05-03","12.0","Name_Unique","50","TRUST","Street"
"525","Name2","2.0","2.0","2023-05-03","13.0","Name2_Unique","51","PUBLIC","Street2"
"526","Name","1.0","1.0","2023-05-03","12.0","Name_Unique","50","TRUST","Street"
"527","Name2","2.0","2.0","2023-05-03","13.0","Name2_Unique","51","PUBLIC","Street2"
"528","Name","1.0","1.0","2023-05-03","12.0","Name_Unique","50","TRUST","Street"
"529","Name2","2.0","2.0","2023-05-03","13.0","Name2_Unique","51","PUBLIC","Street2"
"530","Name","1.0","1.0","2023-05-03","12.0","Name_Unique","50","TRUST","Street"
"531","Name2","2.0","2.0","2023-05-03","13.0","Name2_Unique","51","PUBLIC","Street2"
"532","Name","1.0","1.0","2023-05-03","12.0","Name_Unique","50","TRUST","Street"
"533","Name2","2.0","2.0","2023-05-03","13.0","Name2_Unique","51","PUBLIC","Street2"
"534","Name","1.0","1.0","2023-05-03","12.0","Name_Unique","50","TRUST","Street"
"535","Name2","2.0","2.0","2023-05-03","13.0","Name2_Unique","51","PUBLIC","Street2"
"536","Name","1.0","1.0","2023-05-03","12.0","Name_Unique","50","TRUST","Street"
"537","Name2","2.0","2.0","2023-05-03","13.0","Name2_Unique","51","PUBLIC","Street2"
"538","Name","1.0","1.0","2023-05-03","12.0","Name_Unique","50","TRUST","Street"
"539","Name2","2.0","2.0","2023-05-03","13.0","Name2_Unique","51","PUBLIC","Street2"
"540","Name","1.0","1.0","2023-05-03","12.0","Name_Unique","50","TRUST","Street"
"541","Name2","2.0","2.0","2023-05-03","13.0","Name2_Unique","51","PUBLIC","Street2"
"542","Name","1.0","1.0","2023-05-03","12.0","Name_Unique","50","TRUST","Street"
"543","Name2","2.0","2.0","2023-05-03","13.0","Name2_Unique","51","PUBLIC","Street2"
"544","Name","1.0","1.0","2023-05-03","12.0","Name_Unique","50","TRUST","Street"
"545","Name2","2.0","2.0","2023-05-03","13.0","Name2_Unique","51","PUBLIC","Street2"
"546","Name","1.0","1.0","2023-05-03","12.0","Name_Unique","50","TRUST","Street"
"547","Name2","2.0","2.0","2023-05-03","13.0","Name2_Unique","51","PUBLIC","Street2"
"548","Name","1.0","1.0","2023-05-03","12.0","Name_Unique","50","TRUST","Street"
"549","Name2","2.0","2.0","2023-05-03","13.0","Name2_Unique","51","PUBLIC","Street2"
"550","Name","1.0","1.0","2023-05-03","12.0","Name_Unique","50","TRUST","Street"
"551","Name2","2.0","2.0","2023-05-03","13.0","Name2_Unique","51","PUBLIC","Street2"
"552","Name","1.0","1.0","2023-05-03","12.0","Name_Unique","50","TRUST","Street"
"553","Name2","2.0","2.0","2023-05-03","13.0","Name2_Unique","51","PUBLIC","Street2"
"554","Name","1.0","1.0","2023-05-03","12.0","Name_Unique","50","TRUST","Street"
"555","Name2","2.0","2.0","2023-05-03","13.0","Name2_Unique","51","PUBLIC","Street2"
"556","Name","1.0","1.0","2023-05-03","12.0","Name_Unique","50","TRUST","Street"
"557","Name2","2.0","2.0","2023-05-03","13.0","Name2_Unique","51","PUBLIC","Street2"
"558","Name","1.0","1.0","2023-05-03","12.0","Name_Unique","50","TRUST","Street"
"559","Name2","2.0","2.0","2023-05-03","13.0","Name2_Unique","51","PUBLIC","Street2"
"560","Name","1.0","1.0","2023-05-03","12.0","Name_Unique","50","TRUST","Street"
"561","Name2","2.0","2.0","2023-05-03","13.0","Name2_Unique","51","PUBLIC","Street2"
"562","Name","1.0","1.0","2023-05-03","12.0","Name_Unique","50","TRUST","Street"
"563","Name2","2.0","2.0","2023-05-03","13.0","Name2_Unique","51","PUBLIC","Street2"
"564","Name","1.0","1.0","2023-05-03","12.0","Name_Unique","50","TRUST","Street"
"565","Name2","2.0","2.0","2023-05-03","13.0","Name2_Unique","51","PUBLIC","Street2"
"566","Name","1.0","1.0","2023-05-03","12.0","Name_Unique","50","TRUST","Street"
"567","Name2","2.0","2.0","2023-05-03","13.0","Name2_Unique","51","PUBLIC","Street2"
"568","Name","1.0","1.0","2023-05-03","12.0","Name_Unique","50","TRUST","Street"
"569","Name2","2.0","2.0","2023-05-03","13.0","Name2_Unique","51","PUBLIC","Street2"
"570","Name","1.0","1.0","2023-05-03","12.0","Name_Unique","50","TRUST","Street"
"571","Name2","2.0","2.0","2023-05-03","13.0","Name2_Unique","51","PUBLIC","Street2"
"572","Name","1.0","1.0","2023-05-03","12.0","Name_Unique","50","TRUST","Street"
"573","Name2","2.0","2.0","2023-05-03","13.0","Name2_Unique","51","PUBLIC","Street2"
"574","Name","1.0","1.0","2023-05-03","12.0","Name_Unique","50","TRUST","Street"
"575","Name2","2.0","2.0","2023-05-03","13.0","Name2_Unique","51","PUBLIC","Street2"
"576","Name","1.0","1.0","2023-05-03","12.0","Name_Unique","50","TRUST","Street"
"577","Name2","2.0","2.0","2023-05-03","13.0","Name2_Unique","51","PUBLIC","Street2"
"578","Name","1.0","1.0","2023-05-03","12.0","Name_Unique","50","TRUST","Street"
"579","Name2","2.0","2.0","2023-05-03","13.0","Name2_Unique","51","PUBLIC","Street2"
"580","Name","1.0","1.0","2023-05-03","12.0","Name_Unique","50","TRUST","Street"
"581","Name2","2.0","2.0","2023-05-03","13.0","Name2_Unique","51","PUBLIC","Street2"
"582","Name","1.0","1.0","2023-05-03","12.0","Name_Unique","50","TRUST","Street"
"583","Name2","2.0","2.0","2023-05-03","13.0","Name2_Unique","51","PUBLIC","Street2"
"584","Name","1.0","1.0","2023-05-03","12.0","Name_Unique","50","TRUST","Street"
"585","Name2","2.0","2.0","2023-05-03","13.0","Name2_Unique","51","PUBLIC","Street2"
"586","Name","1.0","1.0","2023-05-03","12.0","Name_Unique","50","TRUST","Street"
"587","Name2","2.0","2.0","2023-05-03","13.0","Name2_Unique","51","PUBLIC","Street2"
"588","Name","1.0","1.0","2023-05-03","12.0","Name_Unique","50","TRUST","Street"
"589","Name2","2.0","2.0","2023-05-03","13.0","Name2_Unique","51","PUBLIC","Street2"
"590","Name","1.0","1.0","2023-05-03","12.0","Name_Unique","50","TRUST","Street"
"591","Name2","2.0","2.0","2023-05-03","13.0","Name2_Unique","51","PUBLIC","Street2"
"592","Name","1.0","1.0","2023-05-03","12.0","Name_Unique","50","TRUST","Street"
"593","Name2","2.0","2.0","2023-05-03","13.0","Name2_Unique","51","PUBLIC","Street2"
"594","Name","1.0","1.0","2023-05-03","12.0","Name_Unique","50","TRUST","Street"
"595","Name2","2.0","2.0","2023-05-03","13.0","Name2_Unique","51","PUBLIC","Street2"
"596","Name","1.0","1.0","2023-05-03","12.0","Name_Unique","50","TRUST","Street"
"597","Name2","2.0","2.0","2023-05-03","13.0","Name2_Unique","51","PUBLIC","Street2"
"598","Name","1.0","1.0","2023-05-03","12.0","Name_Unique","50","TRUST","Street"
"599","Name2","2.0","2.0","2023-05-03","13.0","Name2_Unique","51","PUBLIC","Street2"
"600","Name","1.0","1.0","2023-05-03","12.0","Name_Unique","50","TRUST","Street"
"601","Name2","2.0","2.0","2023-05-03","13.0","Name2_Unique","51","PUBLIC","Street2"
"602","Name","1.0","1.0","2023-05-03","12.0","Name_Unique","50","TRUST","Street"
"603","Name2","2.0","2.0","2023-05-03","13.0","Name2_Unique","51","PUBLIC","Street2"
"604","Name","1.0","1.0","2023-05-03","12.0","Name_Unique","50","TRUST","Street"
"605","Name2","2.0","2.0","2023-05-03","13.0","Name2_Unique","51","PUBLIC","Street2"
"606","Name","1.0","1.0","2023-05-03","12.0","Name_Unique","50","TRUST","Street"
"607","Name2","2.0","2.0","2023-05-03","13.0","Name2_Unique","51","PUBLIC","Street2"
"608","Name","1.0","1.0","2023-05-03","12.0","Name_Unique","50","TRUST","Street"
"609","Name2","2.0","2.0","2023-05-03","13.0","Name2_Unique","51","PUBLIC","Street2"
"610","Name","1.0","1.0","2023-05-03","12.0","Name_Unique","50","TRUST","Street"
"611","Name2","2.0","2.0","2023-05-03","13.0","Name2_Unique","51","PUBLIC","Street2"
"612","Name","1.0","1.0","2023-05-03","12.0","Name_Unique","50","TRUST","Street"
"613","Name2","2.0","2.0","2023-05-03","13.0","Name2_Unique","51","PUBLIC","Street2"
"614","Name","1.0","1.0","2023-05-03","12.0","Name_Unique","50","TRUST","Street"
"615","Name2","2.0","2.0","2023-05-03","13.0","Name2_Unique","51","PUBLIC","Street2"
"616","Name","1.0","1.0","2023-05-03","12.0","Name_Unique","50","TRUST","Street"
"617","Name2","2.0","2.0","2023-05-03","13.0","Name2_Unique","51","PUBLIC","Street2"
"618","Name","1.0","1.0","2023-05-03","12.0","Name_Unique","50","TRUST","Street"
"619","Name2","2.0","2.0","2023-05-03","13.0","Name2_Unique","51","PUBLIC","Street2"
"620","Name","1.0","1.0","2023-05-03","12.0","Name_Unique","50","TRUST","Street"
"621","Name2","2.0","2.0","2023-05-03","13.0","Name2_Unique","51","PUBLIC","Street2"
"622","Name","1.0","1.0","2023-05-03","12.0","Name_Unique","50","TRUST","Street"
"623","Name2","2.0","2.0","2023-05-03","13.0","Name2_Unique","51","PUBLIC","Street2"
"624","Name","1.0","1.0","2023-05-03","12.0","Name_Unique","50","TRUST","Street"
"625","Name2","2.0","2.0","2023-05-03","13.0","Name2_Unique","51","PUBLIC","Street2"
"626","Name","1.0","1.0","2023-05-03","12.0","Name_Unique","50","TRUST","Street"
"627","Name2","2.0","2.0","2023-05-03","13.0","Name2_Unique","51","PUBLIC","Street2"
"628","Name","1.0","1.0","2023-05-03","12.0","Name_Unique","50","TRUST","Street"
"629","Name2","2.0","2.0","2023-05-03","13.0","Name2_Unique","51","PUBLIC","Street2"
"630","Name","1.0","1.0","2023-05-03","12.0","Name_Unique","50","TRUST","Street"
"631","Name2","2.0","2.0","2023-05-03","13.0","Name2_Unique","51","PUBLIC","Street2"
"632","Name","1.0","1.0","2023-05-03","12.0","Name_Unique","50","TRUST","Street"
"633","Name2","2.0","2.0","2023-05-03","13.0","Name2_Unique","51","PUBLIC","Street2"
"634","Name","1.0","1.0","2023-05-03","12.0","Name_Unique","50","TRUST","Street"
"635","Name2","2.0","2.0","2023-05-03","13.0","Name2_Unique","51","PUBLIC","Street2"
"636","Name","1.0","1.0","2023-05-03","12.0","Name_Unique","50","TRUST","Street"
"637","Name2","2.0","2.0","2023-05-03","13.0","Name2_Unique","51","PUBLIC","Street2"
"638","Name","1.0","1.0","2023-05-03","12.0","Name_Unique","50","TRUST","Street"
"639","Name2","2.0","2.0","2023-05-03","13.0","Name2_Unique","51","PUBLIC","Street2"
"640","Name","1.0","1.0","2023-05-03","12.0","Name_Unique","50","TRUST","Street"
"641","Name2","2.0","2.0","2023-05-03","13.0","Name2_Unique","51","PUBLIC","Street2"
"642","Name","1.0","1.0","2023-05-03","12.0","Name_Unique","50","TRUST","Street"
"643","Name2","2.0","2.0","2023-05-03","13.0","Name2_Unique","51","PUBLIC","Street2"
"644","Name","1.0","1.0","2023-05-03","12.0","Name_Unique","50","TRUST","Street"
"645","Name2","2.0","2.0","2023-05-03","13.0","Name2_Unique","51","PUBLIC","Street2"
"646","Name","1.0","1.0","2023-05-03","12.0","Name_Unique","50","TRUST","Street"
"647","Name2","2.0","2.0","2023-05-03","13.0","Name2_Unique","51","PUBLIC","Street2"
"648","Name","1.0","1.0","2023-05-03","12.0","Name_Unique","50","TRUST","Street"
"649","Name2","2.0","2.0","2023-05-03","13.0","Name2_Unique","51","PUBLIC","Street2"
"650","Name","1.0","1.0","2023-05-03","12.0","Name_Unique","50","TRUST","Street"
"651","Name2","2.0","2.0","2023-05-03","13.0","Name2_Unique","51","PUBLIC","Street2"
"652","Name","1.0","1.0","2023-05-03","12.0","Name_Unique","50","TRUST","Street"
"653","Name2","2.0","2.0","2023-05-03","13.0","Name2_Unique","51","PUBLIC","Street2"
"654","Name","1.0","1.0","2023-05-03","12.0","Name_Unique","50","TRUST","Street"
"655","Name2","2.0","2.0","2023-05-03","13.0","Name2_Unique","51","PUBLIC","Street2"
"656","Name","1.0","1.0","2023-05-03","12.0","Name_Unique","50","TRUST","Street"
"657","Name2","2.0","2.0","2023-05-03","13.0","Name2_Unique","51","PUBLIC","Street2"
"658","Name","1.0","1.0","2023-05-03","12.0","Name_Unique","50","TRUST","Street"
"659","Name2","2.0","2.0","2023-05-03","13.0","Name2_Unique","51","PUBLIC","Street2"
"660","Name","1.0","1.0","2023-05-03","12.0","Name_Unique","50","TRUST","Street"
"661","Name2","2.0","2.0","2023-05-03","13.0","Name2_Unique","51","PUBLIC","Street2"
"662","Name","1.0","1.0","2023-05-03","12.0","Name_Unique","50","TRUST","Street"
"663","Name2","2.0","2.0","2023-05-03","13.0","Name2_Unique","51","PUBLIC","Street2"
"664","Name","1.0","1.0","2023-05-03","12.0","Name_Unique","50","TRUST","Street"
"665","Name2","2.0","2.0","2023-05-03","13.0","Name2_Unique","51","PUBLIC","Street2"
"666","Name","1.0","1.0","2023-05-03","12.0","Name_Unique","50","TRUST","Street"
"667","Name2","2.0","2.0","2023-05-03","13.0","Name2_Unique","51","PUBLIC","Street2"
"668","Name","1.0","1.0","2023-05-03","12.0","Name_Unique","50","TRUST","Street"
"669","Name2","2.0","2.0","2023-05-03","13.0","Name2_Unique","51","PUBLIC","Street2"
"670","Name","1.0","1.0","2023-05-03","12.0","Name_Unique","50","TRUST","Street"
"671","Name2","2.0","2.0","2023-05-03","13.0","Name2_Unique","51","PUBLIC","Street2"
"672","Name","1.0","1.0","2023-05-03","12.0","Name_Unique","50","TRUST","Street"
"673","Name2","2.0","2.0","2023-05-03","13.0","Name2_Unique","51","PUBLIC","Street2"
"674","Name","1.0","1.0","2023-05-03","12.0","Name_Unique","50","TRUST","Street"
"675","Name2","2.0","2.0","2023-05-03","13.0","Name2_Unique","51","PUBLIC","Street2"
"676","Name","1.0","1.0","2023-05-03","12.0","Name_Unique","50","TRUST","Street"
"677","Name2","2.0","2.0","2023-05-03","13.0","Name2_Unique","51","PUBLIC","Street2"
"678","Name","1.0","1.0","2023-05-03","12.0","Name_Unique","50","TRUST","Street"
"679","Name2","2.0","2.0","2023-05-03","13.0","Name2_Unique","51","PUBLIC","Street2"
"680","Name","1.0","1.0","2023-05-03","12.0","Name_Unique","50","TRUST","Street"
"681","Name2","2.0","2.0","2023-05-03","13.0","Name2_Unique","51","PUBLIC","Street2"
"682","Name","1.0","1.0","2023-05-03","12.0","Name_Unique","50","TRUST","Street"
"683","Name2","2.0","2.0","2023-05-03","13.0","Name2_Unique","51","PUBLIC","Street2"
"684","Name","1.0","1.0","2023-05-03","12.0","Name_Unique","50","TRUST","Street"
"685","Name2","2.0","2.0","2023-05-03","13.0","Name2_Unique","51","PUBLIC","Street2"
"686","Name","1.0","1.0","2023-05-03","12.0","Name_Unique","50","TRUST","Street"
"687","Name2","2.0","2.0","2023-05-03","13.0","Name2_Unique","51","PUBLIC","Street2"
"688","Name","1.0","1.0","2023-05-03","12.0","Name_Unique","50","TRUST","Street"
"689","Name2","2.0","2.0","2023-05-03","13.0","Name2_Unique","51","PUBLIC","Street2"
"690","Name","1.0","1.0","2023-05-03","12.0","Name_Unique","50","TRUST","Street"
"691","Name2","2.0","2.0","2023-05-03","13.0","Name2_Unique","51","PUBLIC","Street2"
"692","Name","1.0","1.0","2023-05-03","12.0","Name_Unique","50","TRUST","Street"
"693","Name2","2.0","2.0","2023-05-03","13.0","Name2_Unique","51","PUBLIC","Street2"
"694","Name","1.0","1.0","2023-05-03","12.0","Name_Unique","50","TRUST","Street"
"695","Name2","2.0","2.0","2023-05-03","13.0","Name2_Unique","51","PUBLIC","Street2"
"696","Name","1.0","1.0","2023-05-03","12.0","Name_Unique","50","TRUST","Street"
"697","Name2","2.0","2.0","2023-05-03","13.0","Name2_Unique","51","PUBLIC","Street2"
"698","Name","1.0","1.0","2023-05-03","12.0","Name_Unique","50","TRUST","Street"
"699","Name2","2.0","2.0","2023-05-03","13.0","Name2_Unique","51","PUBLIC","Street2"
"700","Name","1.0","1.0","2023-05-03","12.0","Name_Unique","50","TRUST","Street"
"701","Name2","2.0","2.0","2023-05-03","13.0","Name2_Unique","51","PUBLIC","Street2"
"702","Name","1.0","1.0","2023-05-03","12.0","Name_Unique","50","TRUST","Street"
"703","Name2","2.0","2.0","2023-05-03","13.0","Name2_Unique","51","PUBLIC","Street2"
"704","Name","1.0","1.0","2023-05-03","12.0","Name_Unique","50","TRUST","Street"
"705","Name2","2.0","2.0","2023-05-03","13.0","Name2_Unique","51","PUBLIC","Street2"
"706","Name","1.0","1.0","2023-05-03","12.0","Name_Unique","50","TRUST","Street"
"707","Name2","2.0","2.0","2023-05-03","13.0","Name2_Unique","51","PUBLIC","Street2"
"708","Name","1.0","1.0","2023-05-03","12.0","Name_Unique","50","TRUST","Street"
"709","Name2","2.0","2.0","2023-05-03","13.0","Name2_Unique","51","PUBLIC","Street2"
"710","Name","1.0","1.0","2023-05-03","12.0","Name_Unique","50","TRUST","Street"
"711","Name2","2.0","2.0","2023-05-03","13.0","Name2_Unique","51","PUBLIC","Street2"
"712","Name","1.0","1.0","2023-05-03","12.0","Name_Unique","50","TRUST","Street"
"713","Name2","2.0","2.0","2023-05-03","13.0","Name2_Unique","51","PUBLIC","Street2"
"714","Name","1.0","1.0","2023-05-03","12.0","Name_Unique","50","TRUST","Street"
"715","Name2","2.0","2.0","2023-05-03","13.0","Name2_Unique","51","PUBLIC","Street2"
"716","Name","1.0","1.0","2023-05-03","12.0","Name_Unique","50","TRUST","Street"
"717","Name2","2.0","2.0","2023-05-03","13.0","Name2_Unique","51","PUBLIC","Street2"
"718","Name","1.0","1.0","2023-05-03","12.0","Name_Unique","50","TRUST","Street"
"719","Name2","2.0","2.0","2023-05-03","13.0","Name2_Unique","51","PUBLIC","Street2"
"720","Name","1.0","1.0","2023-05-03","12.0","Name_Unique","50","TRUST","Street"
"721","Name2","2.0","2.0","2023-05-03","13.0","Name2_Unique","51","PUBLIC","Street2"
"722","Name","1.0","1.0","2023-05-03","12.0","Name_Unique","50","TRUST","Street"
"723","Name2","2.0","2.0","2023-05-03","13.0","Name2_Unique","51","PUBLIC","Street2"
"724","Name","1.0","1.0","2023-05-03","12.0","Name_Unique","50","TRUST","Street"
"725","Name2","2.0","2.0","2023-05-03","13.0","Name2_Unique","51","PUBLIC","Street2"
"726","Name","1.0","1.0","2023-05-03","12.0","Name_Unique","50","TRUST","Street"
"727","Name2","2.0","2.0","2023-05-03","13.0","Name2_Unique","51","PUBLIC","Street2"
"728","Name","1.0","1.0","2023-05-03","12.0","Name_Unique","50","TRUST","Street"
"729","Name2","2.0","2.0","2023-05-03","13.0","Name2_Unique","51","PUBLIC","Street2"
"730","Name","1.0","1.0","2023-05-03","12.0","Name_Unique","50","TRUST","Street"
"731","Name2","2.0","2.0","2023-05-03","13.0","Name2_Unique","51","PUBLIC","Street2"
"732","Name","1.0","1.0","2023-05-03","12.0","Name_Unique","50","TRUST","Street"
"733","Name2","2.0","2.0","2023-05-03","13.0","Name2_Unique","51","PUBLIC","Street2"
"734","Name","1.0","1.0","2023-05-03","12.0","Name_Unique","50","TRUST","Street"
"735","Name2","2.0","2.0","2023-05-03","13.0","Name2_Unique","51","PUBLIC","Street2"
"736","Name","1.0","1.0","2023-05-03","12.0","Name_Unique","50","TRUST","Street"
"737","Name2","2.0","2.0","2023-05-03","13.0","Name2_Unique","51","PUBLIC","Street2"
"738","Name","1.0","1.0","2023-05-03","12.0","Name_Unique","50","TRUST","Street"
"739","Name2","2.0","2.0","2023-05-03","13.0","Name2_Unique","51","PUBLIC","Street2"
"740","Name","1.0","1.0","2023-05-03","12.0","Name_Unique","50","TRUST","Street"
"741","Name2","2.0","2.0","2023-05-03","13.0","Name2_Unique","51","PUBLIC","Street2"
"742","Name","1.0","1.0","2023-05-03","12.0","Name_Unique","50","TRUST","Street"
"743","Name2","2.0","2.0","2023-05-03","13.0","Name2_Unique","51","PUBLIC","Street2"
"744","Name","1.0","1.0","2023-05-03","12.0","Name_Unique","50","TRUST","Street"
"745","Name2","2.0","2.0","2023-05-03","13.0","Name2_Unique","51","PUBLIC","Street2"
"746","Name","1.0","1.0","2023-05-03","12.0","Name_Unique","50","TRUST","Street"
"747","Name2","2.0","2.0","2023-05-03","13.0","Name2_Unique","51","PUBLIC","Street2"
"748","Name","1.0","1.0","2023-05-03","12.0","Name_Unique","50","TRUST","Street"
"749","Name2","2.0","2.0","2023-05-03","13.0","Name2_Unique","51","PUBLIC","Street2"
"750","Name","1.0","1.0","2023-05-03","12.0","Name_Unique","50","TRUST","Street"
"751","Name2","2.0","2.0","2023-05-03","13.0","Name2_Unique","51","PUBLIC","Street2"
"752","Name","1.0","1.0","2023-05-03","12.0","Name_Unique","50","TRUST","Street"
"753","Name2","2.0","2.0","2023-05-03","13.0","Name2_Unique","51","PUBLIC","Street2"
"754","Name","1.0","1.0","2023-05-03","12.0","Name_Unique","50","TRUST","Street"
"755","Name2","2.0","2.0","2023-05-03","13.0","Name2_Unique","51","PUBLIC","Street2"
"756","Name","1.0","1.0","2023-05-03","12.0","Name_Unique","50","TRUST","Street"
"757","Name2","2.0","2.0","2023-05-03","13.0","Name2_Unique","51","PUBLIC","Street2"
"758","Name","1.0","1.0","2023-05-03","12.0","Name_Unique","50","TRUST","Street"
"759","Name2","2.0","2.0","2023-05-03","13.0","Name2_Unique","51","PUBLIC","Street2"
"760","Name","1.0","1.0","2023-05-03","12.0","Name_Unique","50","TRUST","Street"
"761","Name2","2.0","2.0","2023-05-03","13.0","Name2_Unique","51","PUBLIC","Street2"
"762","Name","1.0","1.0","2023-05-03","12.0","Name_Unique","50","TRUST","Street"
"763","Name2","2.0","2.0","2023-05-03","13.0","Name2_Unique","51","PUBLIC","Street2"
"764","Name","1.0","1.0","2023-05-03","12.0","Name_Unique","50","TRUST","Street"
"765","Name2","2.0","2.0","2023-05-03","13.0","Name2_Unique","51","PUBLIC","Street2"
"766","Name","1.0","1.0","2023-05-03","12.0","Name_Unique","50","TRUST","Street"
"767","Name2","2.0","2.0","2023-05-03","13.0","Name2_Unique","51","PUBLIC","Street2"
"768","Name","1.0","1.0","2023-05-03","12.0","Name_Unique","50","TRUST","Street"
"769","Name2","2.0","2.0","2023-05-03","13.0","Name2_Unique","51","PUBLIC","Street2"
"770","Name","1.0","1.0","2023-05-03","12.0","Name_Unique","50","TRUST","Street"
"771","Name2","2.0","2.0","2023-05-03","13.0","Name2_Unique","51","PUBLIC","Street2"
"772","Name","1.0","1.0","2023-05-03","12.0","Name_Unique","50","TRUST","Street"
"773","Name2","2.0","2.0","2023-05-03","13.0","Name2_Unique","51","PUBLIC","Street2"
"774","Name","1.0","1.0","2023-05-03","12.0","Name_Unique","50","TRUST","Street"
"775","Name2","2.0","2.0","2023-05-03","13.0","Name2_Unique","51","PUBLIC","Street2"
"776","Name","1.0","1.0","2023-05-03","12.0","Name_Unique","50","TRUST","Street"
"777","Name2","2.0","2.0","2023-05-03","13.0","Name2_Unique","51","PUBLIC","Street2"
"778","Name","1.0","1.0","2023-05-03","12.0","Name_Unique","50","TRUST","Street"
"779","Name2","2.0","2.0","2023-05-03","13.0","Name2_Unique","51","PUBLIC","Street2"
"780","Name","1.0","1.0","2023-05-03","12.0","Name_Unique","50","TRUST","Street"
"781","Name2","2.0","2.0","2023-05-03","13.0","Name2_Unique","51","PUBLIC","Street2"
"782","Name","1.0","1.0","2023-05-03","12.0","Name_Unique","50","TRUST","Street"
"783","Name2","2.0","2.0","2023-05-03","13.0","Name2_Unique","51","PUBLIC","Street2"
"784","Name","1.0","1.0","2023-05-03","12.0","Name_Unique","50","TRUST","Street"
"785","Name2","2.0","2.0","2023-05-03","13.0","Name2_Unique","51","PUBLIC","Street2"
"786","Name","1.0","1.0","2023-05-03","12.0","Name_Unique","50","TRUST","Street"
"787","Name2","2.0","2.0","2023-05-03","13.0","Name2_Unique","51","PUBLIC","Street2"
"788","Name","1.0","1.0","2023-05-03","12.0","Name_Unique","50","TRUST","Street"
"789","Name2","2.0","2.0","2023-05-03","13.0","Name2_Unique","51","PUBLIC","Street2"
"790","Name","1.0","1.0","2023-05-03","12.0","Name_Unique","50","TRUST","Street"
"791","Name2","2.0","2.0","2023-05-03","13.0","Name2_Unique","51","PUBLIC","Street2"
"792","Name","1.0","1.0","2023-05-03","12.0","Name_Unique","50","TRUST","Street"
"793","Name2","2.0","2.0","2023-05-03","13.0","Name2_Unique","51","PUBLIC","Street2"
"794","Name","1.0","1.0","2023-05-03","12.0","Name_Unique","50","TRUST","Street"
"795","Name2","2.0","2.0","2023-05-03","13.0","Name2_Unique","51","PUBLIC","Street2"
"796","Name","1.0","1.0","2023-05-03","12.0","Name_Unique","50","TRUST","Street"
"797","Name2","2.0","2.0","2023-05-03","13.0","Name2_Unique","51","PUBLIC","Street2"
"798","Name","1.0","1.0","2023-05-03","12.0","Name_Unique","50","TRUST","Street"
"799","Name2","2.0","2.0","2023-05-03","13.0","Name2_Unique","51","PUBLIC","Street2"
"800","Name","1.0","1.0","2023-05-03","12.0","Name_Unique","50","TRUST","Street"
"801","Name2","2.0","2.0","2023-05-03","13.0","Name2_Unique","51","PUBLIC","Street2"
"802","Name","1.0","1.0","2023-05-03","12.0","Name_Unique","50","TRUST","Street"
"803","Name2","2.0","2.0","2023-05-03","13.0","Name2_Unique","51","PUBLIC","Street2"
"804","Name","1.0","1.0","2023-05-03","12.0","Name_Unique","50","TRUST","Street"
"805","Name2","2.0","2.0","2023-05-03","13.0","Name2_Unique","51","PUBLIC","Street2"
"806","Name","1.0","1.0","2023-05-03","12.0","Name_Unique","50","TRUST","Street"
"807","Name2","2.0","2.0","2023-05-03","13.0","Name2_Unique","51","PUBLIC","Street2"
"808","Name","1.0","1.0","2023-05-03","12.0","Name_Unique","50","TRUST","Street"
"809","Name2","2.0","2.0","2023-05-03","13.0","Name2_Unique","51","PUBLIC","Street2"
"810","Name","1.0","1.0","2023-05-03","12.0","Name_Unique","50","TRUST","Street"
"811","Name2","2.0","2.0","2023-05-03","13.0","Name2_Unique","51","PUBLIC","Street2"
"812","Name","1.0","1.0","2023-05-03","12.0","Name_Unique","50","TRUST","Street"
"813","Name2","2.0","2.0","2023-05-03","13.0","Name2_Unique","51","PUBLIC","Street2"
"814","Name","1.0","1.0","2023-05-03","12.0","Name_Unique","50","TRUST","Street"
"815","Name2","2.0","2.0","2023-05-03","13.0","Name2_Unique","51","PUBLIC","Street2"
"816","Name","1.0","1.0","2023-05-03","12.0","Name_Unique","50","TRUST","Street"
"817","Name2","2.0","2.0","2023-05-03","13.0","Name2_Unique","51","PUBLIC","Street2"
"818","Name","1.0","1.0","2023-05-03","12.0","Name_Unique","50","TRUST","Street"
"819","Name2","2.0","2.0","2023-05-03","13.0","Name2_Unique","51","PUBLIC","Street2"
"820","Name","1.0","1.0","2023-05-03","12.0","Name_Unique","50","TRUST","Street"
"821","Name2","2.0","2.0","2023-05-03","13.0","Name2_Unique","51","PUBLIC","Street2"
"822","Name","1.0","1.0","2023-05-03","12.0","Name_Unique","50","TRUST","Street"
"823","Name2","2.0","2.0","2023-05-03","13.0","Name2_Unique","51","PUBLIC","Street2"
"824","Name","1.0","1.0","2023-05-03","12.0","Name_Unique","50","TRUST","Street"
"825","Name2","2.0","2.0","2023-05-03","13.0","Name2_Unique","51","PUBLIC","Street2"
"826","Name","1.0","1.0","2023-05-03","12.0","Name_Unique","50","TRUST","Street"
"827","Name2","2.0","2.0","2023-05-03","13.0","Name2_Unique","51","PUBLIC","Street2"
"828","Name","1.0","1.0","2023-05-03","12.0","Name_Unique","50","TRUST","Street"
"829","Name2","2.0","2.0","2023-05-03","13.0","Name2_Unique","51","PUBLIC","Street2"
"830","Name","1.0","1.0","2023-05-03","12.0","Name_Unique","50","TRUST","Street"
"831","Name2","2.0","2.0","2023-05-03","13.0","Name2_Unique","51","PUBLIC","Street2"
"832","Name","1.0","1.0","2023-05-03","12.0","Name_Unique","50","TRUST","Street"
"833","Name2","2.0","2.0","2023-05-03","13.0","Name2_Unique","51","PUBLIC","Street2"
"834","Name","1.0","1.0","2023-05-03","12.0","Name_Unique","50","TRUST","Street"
"835","Name2","2.0","2.0","2023-05-03","13.0","Name2_Unique","51","PUBLIC","Street2"
"836","Name","1.0","1.0","2023-05-03","12.0","Name_Unique","50","TRUST","Street"
"837","Name2","2.0","2.0","2023-05-03","13.0","Name2_Unique","51","PUBLIC","Street2"
"838","Name","1.0","1.0","2023-05-03","12.0","Name_Unique","50","TRUST","Street"
"839","Name2","2.0","2.0","2023-05-03","13.0","Name2_Unique","51","PUBLIC","Street2"
"840","Name","1.0","1.0","2023-05-03","12.0","Name_Unique","50","TRUST","Street"
"841","Name2","2.0","2.0","2023-05-03","13.0","Name2_Unique","51","PUBLIC","Street2"
"842","Name","1.0","1.0","2023-05-03","12.0","Name_Unique","50","TRUST","Street"
"843","Name2","2.0","2.0","2023-05-03","13.0","Name2_Unique","51","PUBLIC","Street2"
"844","Name","1.0","1.0","2023-05-03","12.0","Name_Unique","50","TRUST","Street"
"845","Name2","2.0","2.0","2023-05-03","13.0","Name2_Unique","51","PUBLIC","Street2"
"846","Name","1.0","1.0","2023-05-03","12.0","Name_Unique","50","TRUST","Street"
"847","Name2","2.0","2.0","2023-05-03","13.0","Name2_Unique","51","PUBLIC","Street2"
"848","Name","1.0","1.0","2023-05-03","12.0","Name_Unique","50","TRUST","Street"
"849","Name2","2.0","2.0","2023-05-03","13.0","Name2_Unique","51","PUBLIC","Street2"
"850","Name","1.0","1.0","2023-05-03","12.0","Name_Unique","50","TRUST","Street"
"851","Name2","2.0","2.0","2023-05-03","13.0","Name2_Unique","51","PUBLIC","Street2"
"852","Name","1.0","1.0","2023-05-03","12.0","Name_Unique","50","TRUST","Street"
"853","Name2","2.0","2.0","2023-05-03","13.0","Name2_Unique","51","PUBLIC","Street2"
"854","Name","1.0","1.0","2023-05-03","12.0","Name_Unique","50","TRUST","Street"
"855","Name2","2.0","2.0","2023-05-03","13.0","Name2_Unique","51","PUBLIC","Street2"
"856","Name","1.0","1.0","2023-05-03","12.0","Name_Unique","50","TRUST","Street"
"857","Name2","2.0","2.0","2023-05-03","13.0","Name2_Unique","51","PUBLIC","Street2"
"858","Name","1.0","1.0","2023-05-03","12.0","Name_Unique","50","TRUST","Street"
"859","Name2","2.0","2.0","2023-05-03","13.0","Name2_Unique","51","PUBLIC","Street2"
"860","Name","1.0","1.0","2023-05-03","12.0","Name_Unique","50","TRUST","Street"
"861","Name2","2.0","2.0","2023-05-03","13.0","Name2_Unique","51","PUBLIC","Street2"
"862","Name","1.0","1.0","2023-05-03","12.0","Name_Unique","50","TRUST","Street"
"863","Name2","2.0","2.0","2023-05-03","13.0","Name2_Unique","51","PUBLIC","Street2"
"864","Name","1.0","1.0","2023-05-03","12.0","Name_Unique","50","TRUST","Street"
"865","Name2","2.0","2.0","2023-05-03","13.0","Name2_Unique","51","PUBLIC","Street2"
"866","Name","1.0","1.0","2023-05-03","12.0","Name_Unique","50","TRUST","Street"
"867","Name2","2.0","2.0","2023-05-03","13.0","Name2_Unique","51","PUBLIC","Street2"
"868","Name","1.0","1.0","2023-05-03","12.0","Name_Unique","50","TRUST","Street"
"869","Name2","2.0","2.0","2023-05-03","13.0","Name2_Unique","51","PUBLIC","Street2"
"870","Name","1.0","1.0","2023-05-03","12.0","Name_Unique","50","TRUST","Street"
"871","Name2","2.0","2.0","2023-05-03","13.0","Name2_Unique","51","PUBLIC","Street2"
"872","Name","1.0","1.0","2023-05-03","12.0","Name_Unique","50","TRUST","Street"
"873","Name2","2.0","2.0","2023-05-03","13.0","Name2_Unique","51","PUBLIC","Street2"
"874","Name","1.0","1.0","2023-05-03","12.0","Name_Unique","50","TRUST","Street"
"875","Name2","2.0","2.0","2023-05-03","13.0","Name2_Unique","51","PUBLIC","Street2"
"876","Name","1.0","1.0","2023-05-03","12.0","Name_Unique","50","TRUST","Street"
"877","Name2","2.0","2.0","2023-05-03","13.0","Name2_Unique","51","PUBLIC","Street2"
"878","Name","1.0","1.0","2023-05-03","12.0","Name_Unique","50","TRUST","Street"
"879","Name2","2.0","2.0","2023-05-03","13.0","Name2_Unique","51","PUBLIC","Street2"
"880","Name","1.0","1.0","2023-05-03","12.0","Name_Unique","50","TRUST","Street"
"881","Name2","2.0","2.0","2023-05-03","13.0","Name2_Unique","51","PUBLIC","Street2"
"882","Name","1.0","1.0","2023-05-03","12.0","Name_Unique","50","TRUST","Street"
"883","Name2","2.0","2.0","2023-05-03","13.0","Name2_Unique","51","PUBLIC","Street2"
"884","Name","1.0","1.0","2023-05-03","12.0","Name_Unique","50","TRUST","Street"
"885","Name2","2.0","2.0","2023-05-03","13.0","Name2_Unique","51","PUBLIC","Street2"
"886","Name","1.0","1.0","2023-05-03","12.0","Name_Unique","50","TRUST","Street"
"887","Name2","2.0","2.0","2023-05-03","13.0","Name2_Unique","51","PUBLIC","Street2"
"888","Name","1.0","1.0","2023-05-03","12.0","Name_Unique","50","TRUST","Street"
"889","Name2","2.0","2.0","2023-05-03","13.0","Name2_Unique","51","PUBLIC","Street2"
"890","Name","1.0","1.0","2023-05-03","12.0","Name_Unique","50","TRUST","Street"
"891","Name2","2.0","2.0","2023-05-03","13.0","Name2_Unique","51","PUBLIC","Street2"
"892","Name","1.0","1.0","2023-05-03","12.0","Name_Unique","50","TRUST","Street"
"893","Name2","2.0","2.0","2023-05-03","13.0","Name2_Unique","51","PUBLIC","Street2"
"894","Name","1.0","1.0","2023-05-03","12.0","Name_Unique","50","TRUST","Street"
"895","Name2","2.0","2.0","2023-05-03","13.0","Name2_Unique","51","PUBLIC","Street2"
"896","Name","1.0","1.0","2023-05-03","12.0","Name_Unique","50","TRUST","Street"
"897","Name2","2.0","2.0","2023-05-03","13.0","Name2_Unique","51","PUBLIC","Street2"
"898","Name","1.0","1.0","2023-05-03","12.0","Name_Unique","50","TRUST","Street"
"899","Name2","2.0","2.0","2023-05-03","13.0","Name2_Unique","51","PUBLIC","Street2"
"900","Name","1.0","1.0","2023-05-03","12.0","Name_Unique","50","TRUST","Street"
"901","Name2","2.0","2.0","2023-05-03","13.0","Name2_Unique","51","PUBLIC","Street2"
"902","Name","1.0","1.0","2023-05-03","12.0","Name_Unique","50","TRUST","Street"
"903","Name2","2.0","2.0","2023-05-03","13.0","Name2_Unique","51","PUBLIC","Street2"
"904","Name","1.0","1.0","2023-05-03","12.0","Name_Unique","50","TRUST","Street"
"905","Name2","2.0","2.0","2023-05-03","13.0","Name2_Unique","51","PUBLIC","Street2"
"906","Name","1.0","1.0","2023-05-03","12.0","Name_Unique","50","TRUST","Street"
"907","Name2","2.0","2.0","2023-05-03","13.0","Name2_Unique","51","PUBLIC","Street2"
"908","Name","1.0","1.0","2023-05-03","12.0","Name_Unique","50","TRUST","Street"
"909","Name2","2.0","2.0","2023-05-03","13.0","Name2_Unique","51","PUBLIC","Street2"
"910","Name","1.0","1.0","2023-05-03","12.0","Name_Unique","50","TRUST","Street"
"911","Name2","2.0","2.0","2023-05-03","13.0","Name2_Unique","51","PUBLIC","Street2"
"912","Name","1.0","1.0","2023-05-03","12.0","Name_Unique","50","TRUST","Street"
"913","Name2","2.0","2.0","2023-05-03","13.0","Name2_Unique","51","PUBLIC","Street2"
"914","Name","1.0","1.0","2023-05-03","12.0","Name_Unique","50","TRUST","Street"
"915","Name2","2.0","2.0","2023-05-03","13.0","Name2_Unique","51","PUBLIC","Street2"
"916","Name","1.0","1.0","2023-05-03","12.0","Name_Unique","50","TRUST","Street"
"917","Name2","2.0","2.0","2023-05-03","13.0","Name2_Unique","51","PUBLIC","Street2"
"918","Name","1.0","1.0","2023-05-03","12.0","Name_Unique","50","TRUST","Street"
"919","Name2","2.0","2.0","2023-05-03","13.0","Name2_Unique","51","PUBLIC","Street2"
"920","Name","1.0","1.0","2023-05-03","12.0","Name_Unique","50","TRUST","Street"
"921","Name2","2.0","2.0","2023-05-03","13.0","Name2_Unique","51","PUBLIC","Street2"
"922","Name","1.0","1.0","2023-05-03","12.0","Name_Unique","50","TRUST","Street"
"923","Name2","2.0","2.0","2023-05-03","13.0","Name2_Unique","51","PUBLIC","Street2"
"924","Name","1.0","1.0","2023-05-03","12.0","Name_Unique","50","TRUST","Street"
"925","Name2","2.0","2.0","2023-05-03","13.0","Name2_Unique","51","PUBLIC","Street2"
"926","Name","1.0","1.0","2023-05-03","12.0","Name_Unique","50","TRUST","Street"
"927","Name2","2.0","2.0","2023-05-03","13.0","Name2_Unique","51","PUBLIC","Street2"
"928","Name","1.0","1.0","2023-05-03","12.0","Name_Unique","50","TRUST","Street"
"929","Name2","2.0","2.0","2023-05-03","13.0","Name2_Unique","51","PUBLIC","Street2"
"930","Name","1.0","1.0","2023-05-03","12.0","Name_Unique","50","TRUST","Street"
"931","Name2","2.0","2.0","2023-05-03","13.0","Name2_Unique","51","PUBLIC","Street2"
"932","Name","1.0","1.0","2023-05-03","12.0","Name_Unique","50","TRUST","Street"
"933","Name2","2.0","2.0","2023-05-03","13.0","Name2_Unique","51","PUBLIC","Street2"
"934","Name","1.0","1.0","2023-05-03","12.0","Name_Unique","50","TRUST","Street"
"935","Name2","2.0","2.0","2023-05-03","13.0","Name2_Unique","51","PUBLIC","Street2"
"936","Name","1.0","1.0","2023-05-03","12.0","Name_Unique","50","TRUST","Street"
"937","Name2","2.0","2.0","2023-05-03","13.0","Name2_Unique","51","PUBLIC","Street2"
"938","Name","1.0","1.0","2023-05-03","12.0","Name_Unique","50","TRUST","Street"
"939","Name2","2.0","2.0","2023-05-03","13.0","Name2_Unique","51","PUBLIC","Street2"
"940","Name","1.0","1.0","2023-05-03","12.0","Name_Unique","50","TRUST","Street"
"941","Name2","2.0","2.0","2023-05-03","13.0","Name2_Unique","51","PUBLIC","Street2"
"942","Name","1.0","1.0","2023-05-03","12.0","Name_Unique","50","TRUST","Street"
"943","Name2","2.0","2.0","2023-05-03","13.0","Name2_Unique","51","PUBLIC","Street2"
"944","Name","1.0","1.0","2023-05-03","12.0","Name_Unique","50","TRUST","Street"
"945","Name2","2.0","2.0","2023-05-03","13.0","Name2_Unique","51","PUBLIC","Street2"
"946","Name","1.0","1.0","2023-05-03","12.0","Name_Unique","50","TRUST","Street"
"947","Name2","2.0","2.0","2023-05-03","13.0","Name2_Unique","51","PUBLIC","Street2"
"948","Name","1.0","1.0","2023-05-03","12.0","Name_Unique","50","TRUST","Street"
"949","Name2","2.0","2.0","2023-05-03","13.0","Name2_Unique","51","PUBLIC","Street2"
"950","Name","1.0","1.0","2023-05-03","12.0","Name_Unique","50","TRUST","Street"
"951","Name2","2.0","2.0","2023-05-03","13.0","Name2_Unique","51","PUBLIC","Street2"
"952","Name","1.0","1.0","2023-05-03","12.0","Name_Unique","50","TRUST","Street"
"953","Name2","2.0","2.0","2023-05-03","13.0","Name2_Unique","51","PUBLIC","Street2"
"954","Name","1.0","1.0","2023-05-03","12.0","Name_Unique","50","TRUST","Street"
"955","Name2","2.0","2.0","2023-05-03","13.0","Name2_Unique","51","PUBLIC","Street2"
"956","Name","1.0","1.0","2023-05-03","12.0","Name_Unique","50","TRUST","Street"
"957","Name2","2.0","2.0","2023-05-03","13.0","Name2_Unique","51","PUBLIC","Street2"
"958","Name","1.0","1.0","2023-05-03","12.0","Name_Unique","50","TRUST","Street"
"959","Name2","2.0","2.0","2023-05-03","13.0","Name2_Unique","51","PUBLIC","Street2"
"960","Name","1.0","1.0","2023-05-03","12.0","Name_Unique","50","TRUST","Street"
"961","Name2","2.0","2.0","2023-05-03","13.0","Name2_Unique","51","PUBLIC","Street2"
"962","Name","1.0","1.0","2023-05-03","12.0","Name_Unique","50","TRUST","Street"
"963","Name2","2.0","2.0","2023-05-03","13.0","Name2_Unique","51","PUBLIC","Street2"
"964","Name","1.0","1.0","2023-05-03","12.0","Name_Unique","50","TRUST","Street"
"965","Name2","2.0","2.0","2023-05-03","13.0","Name2_Unique","51","PUBLIC","Street2"
"966","Name","1.0","1.0","2023-05-03","12.0","Name_Unique","50","TRUST","Street"
"967","Name2","2.0","2.0","2023-05-03","13.0","Name2_Unique","51","PUBLIC","Street2"
"968","Name","1.0","1.0","2023-05-03","12.0","Name_Unique","50","TRUST","Street"
"969","Name2","2.0","2.0","2023-05-03","13.0","Name2_Unique","51","PUBLIC","Street2"
"970","Name","1.0","1.0","2023-05-03","12.0","Name_Unique","50","TRUST","Street"
"971","Name2","2.0","2.0","2023-05-03","13.0","Name2_Unique","51","PUBLIC","Street2"
"972","Name","1.0","1.0","2023-05-03","12.0","Name_Unique","50","TRUST","Street"
"973","Name2","2.0","2.0","2023-05-03","13.0","Name2_Unique","51","PUBLIC","Street2"
"974","Name","1.0","1.0","2023-05-03","12.0","Name_Unique","50","TRUST","Street"
"975","Name2","2.0","2.0","2023-05-03","13.0","Name2_Unique","51","PUBLIC","Street2"
"976","Name","1.0","1.0","2023-05-03","12.0","Name_Unique","50","TRUST","Street"
"977","Name2","2.0","2.0","2023-05-03","13.0","Name2_Unique","51","PUBLIC","Street2"
"978","Name","1.0","1.0","2023-05-03","12.0","Name_Unique","50","TRUST","Street"
"979","Name2","2.0","2.0","2023-05-03","13.0","Name2_Unique","51","PUBLIC","Street2"
"980","Name","1.0","1.0","2023-05-03","12.0","Name_Unique","50","TRUST","Street"
"981","Name2","2.0","2.0","2023-05-03","13.0","Name2_Unique","51","PUBLIC","Street2"
"982","Name","1.0","1.0","2023-05-03","12.0","Name_Unique","50","TRUST","Street"
"983","Name2","2.0","2.0","2023-05-03","13.0","Name2_Unique","51","PUBLIC","Street2"
"984","Name","1.0","1.0","2023-05-03","12.0","Name_Unique","50","TRUST","Street"
"985","Name2","2.0","2.0","2023-05-03","13.0","Name2_Unique","51","PUBLIC","Street2"
"986","Name","1.0","1.0","2023-05-03","12.0","Name_Unique","50","TRUST","Street"
"987","Name2","2.0","2.0","2023-05-03","13.0","Name2_Unique","51","PUBLIC","Street2"
"988","Name","1.0","1.0","2023-05-03","12.0","Name_Unique","50","TRUST","Street"
"989","Name2","2.0","2.0","2023-05-03","13.0","Name2_Unique","51","PUBLIC","Street2"
"990","Name","1.0","1.0","2023-05-03","12.0","Name_Unique","50","TRUST","Street"
"991","Name2","2.0","2.0","2023-05-03","13.0","Name2_Unique","51","PUBLIC","Street2"
"992","Name","1.0","1.0","2023-05-03","12.0","Name_Unique","50","TRUST","Street"
"993","Name2","2.0","2.0","2023-05-03","13.0","Name2_Unique","51","PUBLIC","Street2"
"994","Name","1.0","1.0","2023-05-03","12.0","Name_Unique","50","TRUST","Street"
"995","Name2","2.0","2.0","2023-05-03","13.0","Name2_Unique","51","PUBLIC","Street2"
"996","Name","1.0","1.0","2023-05-03","12.0","Name_Unique","50","TRUST","Street"
"997","Name2","2.0","2.0","2023-05-03","13.0","Name2_Unique","51","PUBLIC","Street2"
"998","Name","1.0","1.0","2023-05-03","12.0","Name_Unique","50","TRUST","Street"
"999","Name2","2.0","2.0","2023-05-03","13.0","Name2_Unique","51","PUBLIC","Street2"
"1000","Name","1.0","1.0","2023-05-03","12.0","Name_Unique","50","TRUST","Street"
"1001","Name2","2.0","2.0","2023-05-03","13.0","Name2_Unique","51","PUBLIC","Street2"
"1002","Name","1.0","1.0","2023-05-03","12.0","Name_Unique","50","TRUST","Street"
"1003","Name2","2.0","2.0","2023-05-03","13.0","Name2_Unique","51","PUBLIC","Street2"
"1004","Name","1.0","1.0","2023-05-03","12.0","Name_Unique","50","TRUST","Street"
"1005","Name2","2.0","2.0","2023-05-03","13.0","Name2_Unique","51","PUBLIC","Street2"
"1006","Name","1.0","1.0","2023-05-03","12.0","Name_Unique","50","TRUST","Street"
"1007","Name2","2.0","2.0","2023-05-03","13.0","Name2_Unique","51","PUBLIC","Street2"
"1008","Name","1.0","1.0","2023-05-03","12.0","Name_Unique","50","TRUST","Street"
"1009","Name2","2.0","2.0","2023-05-03","13.0","Name2_Unique","51","PUBLIC","Street2"
"1010","Name","1.0","1.0","2023-05-03","12.0","Name_Unique","50","TRUST","Street"
"1011","Name2","2.0","2.0","2023-05-03","13.0","Name2_Unique","51","PUBLIC","Street2"
